data:text/csv;charset=utf-8,sep=;
0;-2.31
0.03333333333333333;-2.69
0.06666666666666667;-3.75
0.1;-3.86
0.13333333333333333;-3.82
0.16666666666666666;-4.06
0.2;-4
0.23333333333333334;-5.33
0.26666666666666666;-5.56
0.3;-5.64
0.3333333333333333;-5.75
0.36666666666666664;-5.67
0.4;-5.33
0.43333333333333335;-5.69
0.4666666666666667;-5.89
0.5;-4.88
0.5333333333333333;-5.84
0.5666666666666667;-6.49
0.6;-5.55
0.6333333333333333;-5.55
0.6666666666666666;-5.55
0.7;-6.49
0.7333333333333333;-5.68
0.7666666666666667;-5.54
0.8;-5.79
0.8333333333333334;-5.86
0.8666666666666667;-5.86
0.9;-5.69
0.9333333333333333;-6.62
0.9666666666666667;-6.81
1;-6.34
1.0333333333333334;-5.96
1.0666666666666667;-6.12
1.1;-5.86
1.1333333333333333;-6
1.1666666666666667;-7.05
1.2;-5.21
1.2333333333333334;-5.98
1.2666666666666666;-5.79
1.3;-4.81
1.3333333333333333;-5.68
1.3666666666666667;-5.79
1.4;-5.59
1.4333333333333333;-5.33
1.4666666666666666;-4.49
1.5;-4.45
1.5333333333333334;-5.05
1.5666666666666667;-5.78
1.6;-6.62
1.6333333333333333;-6.62
1.6666666666666667;-5.69
1.7;-5.49
1.7333333333333334;-5.49
1.7666666666666666;-5.57
1.8;-5.57
1.8333333333333333;-5.69
1.8666666666666667;-5.63
1.9;-7.19
1.9333333333333333;-7.53
1.9666666666666666;-9
2;-9.9
2.033333333333333;-11.22
2.066666666666667;-11.57
2.1;-12.47
2.1333333333333333;-11.15
2.1666666666666665;-10.16
2.2;-9.37
2.2333333333333334;-7.87
2.2666666666666666;-6.56
2.3;-6.1
2.3333333333333335;-5.91
2.3666666666666667;-6.41
2.4;-7.52
2.433333333333333;-8.04
2.466666666666667;-9.49
2.5;-10.94
2.533333333333333;-11.09
2.566666666666667;-10.41
2.6;-10.23
2.6333333333333333;-10.86
2.6666666666666665;-10.8
2.7;-8.82
2.7333333333333334;-7.51
2.7666666666666666;-7.18
2.8;-5.78
2.8333333333333335;-5.73
2.8666666666666667;-5.56
2.9;-5.99
2.933333333333333;-7.19
2.966666666666667;-8.23
3;-9.53
3.033333333333333;-10.7
3.066666666666667;-11.05
3.1;-11.31
3.1333333333333333;-11.16
3.1666666666666665;-11.12
3.2;-9.67
3.2333333333333334;-9.09
3.2666666666666666;-6.93
3.3;-6.45
3.3333333333333335;-6.97
3.3666666666666667;-6.08
3.4;-6.31
3.433333333333333;-7.34
3.466666666666667;-7.76
3.5;-9.14
3.533333333333333;-10.43
3.566666666666667;-10.8
3.6;-10.86
3.6333333333333333;-11.03
3.6666666666666665;-10.8
3.7;-9.51
3.7333333333333334;-9.29
3.7666666666666666;-8.61
3.8;-7.31
3.8333333333333335;-6.75
3.8666666666666667;-5.82
3.9;-6.92
3.933333333333333;-7.2
3.966666666666667;-7.43
4;-7.74
4.033333333333333;-9.3
4.066666666666666;-10.94
4.1;-11.12
4.133333333333334;-11.37
4.166666666666667;-11.31
4.2;-11.16
4.233333333333333;-9.91
4.266666666666667;-9.53
4.3;-7.87
4.333333333333333;-7.52
4.366666666666666;-5.78
4.4;-5.36
4.433333333333334;-6.23
4.466666666666667;-7.22
4.5;-7.57
4.533333333333333;-7.95
4.566666666666666;-9.06
4.6;-10.55
4.633333333333334;-10.78
4.666666666666667;-11.09
4.7;-11.09
4.733333333333333;-10.68
4.766666666666667;-9.38
4.8;-9
4.833333333333333;-7.62
4.866666666666666;-8.14
4.9;-7.03
4.933333333333334;-5.94
4.966666666666667;-6.92
5;-7.31
5.033333333333333;-7.66
5.066666666666666;-9.05
5.1;-9.32
5.133333333333334;-9.9
5.166666666666667;-10.46
5.2;-11.33
5.233333333333333;-11.19
5.266666666666667;-10.98
5.3;-9.66
5.333333333333333;-9.2
5.366666666666666;-7.94
5.4;-7.32
5.433333333333334;-6.92
5.466666666666667;-5.99
5.5;-6.97
5.533333333333333;-7.2
5.566666666666666;-7.37
5.6;-7.97
5.633333333333334;-9.29
5.666666666666667;-10.53
5.7;-10.96
5.733333333333333;-10.86
5.766666666666667;-10.96
5.8;-10.73
5.833333333333333;-9.38
5.866666666666666;-9
5.9;-8.48
5.933333333333334;-7.46
5.966666666666667;-6.31
6;-6.19
6.033333333333333;-7.06
6.066666666666666;-7.57
6.1;-7.84
6.133333333333334;-9.51
6.166666666666667;-9.67
6.2;-10.98
6.233333333333333;-11.33
6.266666666666667;-10.83
6.3;-11.15
6.333333333333333;-9.93
6.366666666666666;-9.3
6.4;-7.85
6.433333333333334;-7.43
6.466666666666667;-7.2
6.5;-5.57
6.533333333333333;-5.65
6.566666666666666;-6.66
6.6;-7.37
6.633333333333334;-7.51
6.666666666666667;-8.31
6.7;-9.58
6.733333333333333;-10.91
6.766666666666667;-11.04
6.8;-11.74
6.833333333333333;-10.86
6.866666666666666;-10.65
6.9;-9.45
6.933333333333334;-8.71
6.966666666666667;-7.34
7;-6.19
7.033333333333333;-6.14
7.066666666666666;-6.06
7.1;-6.23
7.133333333333334;-7.73
7.166666666666667;-8.1
7.2;-9.67
7.233333333333333;-10.94
7.266666666666667;-11.12
7.3;-11.09
7.333333333333333;-11.09
7.366666666666666;-9.84
7.4;-9.53
7.433333333333334;-9
7.466666666666667;-7.2
7.5;-5.64
7.533333333333333;-5.05
7.566666666666666;-4.81
7.6;-3.54
7.633333333333334;-3.77
7.666666666666667;-3.89
7.7;-4.83
7.733333333333333;-5.4
7.766666666666667;-5.92
7.8;-7.39
7.833333333333333;-8.07
7.866666666666666;-9.47
7.9;-10.85
7.933333333333334;-4.37
7.966666666666667;-11.28
8;-11.12
8.033333333333333;-9.89
8.066666666666666;-8.56
8.1;-1.6
8.133333333333333;-7.03
8.166666666666666;-5.15
8.2;-2.59
8.233333333333333;-2.43
8.266666666666667;-3.74
8.3;1.16
8.333333333333334;-4.8
8.366666666666667;-3.86
8.4;-0.64
8.433333333333334;-2.43
8.466666666666667;-5.89
8.5;-6.15
8.533333333333333;-5.54
8.566666666666666;-5.17
8.6;-4.86
8.633333333333333;-4.39
8.666666666666666;-5.42
8.7;-5.66
8.733333333333333;-6.7
8.766666666666667;-5.66
8.8;-5.52
8.833333333333334;-5.52
8.866666666666667;0.19
8.9;2.03
8.933333333333334;-5.15
8.966666666666667;-5.19
9;-0.64
9.033333333333333;-5.52
9.066666666666666;-5.52
9.1;-5.52
9.133333333333333;-5.52
9.166666666666666;-5.52
9.2;-4.67
9.233333333333333;0.26
9.266666666666667;-4.75
9.3;1.09
9.333333333333334;-5.54
9.366666666666667;-5.03
9.4;-4.97
9.433333333333334;-5.21
9.466666666666667;-5.2
9.5;-5.21
9.533333333333333;-5.2
9.566666666666666;-5.17
9.6;-4.28
9.633333333333333;-4.28
9.666666666666666;-4.39
9.7;-4.32
9.733333333333333;-5.17
9.766666666666667;-4.67
9.8;-5.52
9.833333333333334;-5.52
9.866666666666667;-5.54
9.9;-5.39
9.933333333333334;-5.17
9.966666666666667;-5.04
10;-5.04
10.033333333333333;-5.07
10.066666666666666;-5.07
10.1;-5.07
10.133333333333333;-5.07
10.166666666666666;-5.07
10.2;-4.16
10.233333333333333;-4.21
10.266666666666667;-5.07
10.3;-3.19
10.333333333333334;-4.21
10.366666666666667;-4.2
10.4;-4.33
10.433333333333334;-5.22
10.466666666666667;-3.7
10.5;1.92
10.533333333333333;-4.66
10.566666666666666;-0.84
10.6;-0.84
10.633333333333333;1.85
10.666666666666666;-4.23
10.7;-4.05
10.733333333333333;-4.21
10.766666666666667;-5.07
10.8;-4.01
10.833333333333334;-4.21
10.866666666666667;-5.07
10.9;-4.16
10.933333333333334;-4.39
10.966666666666667;-4.21
11;-4.16
11.033333333333333;-5.07
11.066666666666666;-5.04
11.1;-5.07
11.133333333333333;-5.23
11.166666666666666;-5.07
11.2;-4.16
11.233333333333333;-5.23
11.266666666666667;-5.04
11.3;-4.16
11.333333333333334;-3.37
11.366666666666667;-5.04
11.4;-5.07
11.433333333333334;-5.23
11.466666666666667;-3.37
11.5;-5.07
11.533333333333333;-5.23
11.566666666666666;-3.37
11.6;-4.32
11.633333333333333;-5.23
11.666666666666666;-5.07
11.7;-5.07
11.733333333333333;-5.23
11.766666666666667;-5.07
11.8;-5.07
11.833333333333334;-5.23
11.866666666666667;-4.6
11.9;-5.07
11.933333333333334;-5.23
11.966666666666667;-5.07
12;-5.04
12.033333333333333;-5.07
12.066666666666666;-5.07
12.1;-5.17
12.133333333333333;-5.07
12.166666666666666;-5.2
12.2;-5.07
12.233333333333333;-5.07
12.266666666666667;-4.16
12.3;-5.07
12.333333333333334;-3.37
12.366666666666667;-3.37
12.4;-5.07
12.433333333333334;-5.07
12.466666666666667;-5.23
12.5;-5.07
12.533333333333333;-5.23
12.566666666666666;-5.23
12.6;-4.13
12.633333333333333;-5.07
12.666666666666666;-5.04
12.7;-4.13
12.733333333333333;-5.07
12.766666666666667;-5.17
12.8;-5.07
12.833333333333334;-5.23
12.866666666666667;-5.07
12.9;-5.04
12.933333333333334;-5.23
12.966666666666667;-4.6
13;-5.07
13.033333333333333;-5.07
13.066666666666666;-5.07
13.1;-5.04
13.133333333333333;-5.07
13.166666666666666;-3.28
13.2;-5.07
13.233333333333333;-5.23
13.266666666666667;-5.07
13.3;-5.07
13.333333333333334;-4.6
13.366666666666667;-5.28
13.4;0.6
13.433333333333334;-5.35
13.466666666666667;-5.3
13.5;-5.66
13.533333333333333;-4.4
13.566666666666666;-4.82
13.6;-4.37
13.633333333333333;-4.23
13.666666666666666;-4.46
13.7;-5.07
13.733333333333333;-4.28
13.766666666666667;-4.26
13.8;-4.35
13.833333333333334;-3.05
13.866666666666667;2.06
13.9;-3.39
13.933333333333334;1.16
13.966666666666667;-3.73
14;0.26
14.033333333333333;2.96
14.066666666666666;-2.26
14.1;-2.73
14.133333333333333;-2.47
14.166666666666666;-2.59
14.2;-2.48
14.233333333333333;-2.48
14.266666666666667;-2.44
14.3;-2.47
14.333333333333334;-1.27
14.366666666666667;-2.05
14.4;-1.08
14.433333333333334;-0.67
14.466666666666667;-0.67
14.5;-0.67
14.533333333333333;-0.55
14.566666666666666;-0.63
14.6;-0.93
14.633333333333333;-0.93
14.666666666666666;-0.67
14.7;-0.93
14.733333333333333;-0.67
14.766666666666667;-0.63
14.8;-0.93
14.833333333333334;-0.67
14.866666666666667;-0.63
14.9;-0.93
14.933333333333334;-0.93
14.966666666666667;-0.16
15;-0.63
15.033333333333333;-1.82
15.066666666666666;-0.16
15.1;-0.93
15.133333333333333;-0.93
15.166666666666666;-0.67
15.2;-0.93
15.233333333333333;-0.93
15.266666666666667;-0.93
15.3;-0.93
15.333333333333334;-0.93
15.366666666666667;-0.63
15.4;-1.82
15.433333333333334;-0.93
15.466666666666667;-0.93
15.5;-0.93
15.533333333333333;-1.56
15.566666666666666;-0.63
15.6;-0.93
15.633333333333333;-0.93
15.666666666666666;-0.93
15.7;-0.63
15.733333333333333;-1.82
15.766666666666667;-0.63
15.8;-0.93
15.833333333333334;-0.93
15.866666666666667;-0.61
15.9;-0.93
15.933333333333334;-0.93
15.966666666666667;-0.93
16;-0.93
16.033333333333335;-0.93
16.066666666666666;-0.93
16.1;-0.67
16.133333333333333;-0.63
16.166666666666668;-0.63
16.2;-0.67
16.233333333333334;-0.93
16.266666666666666;-0.63
16.3;-0.67
16.333333333333332;-0.93
16.366666666666667;-0.93
16.4;-0.63
16.433333333333334;-0.67
16.466666666666665;-0.67
16.5;-0.93
16.533333333333335;-0.67
16.566666666666666;-0.93
16.6;-0.93
16.633333333333333;-0.93
16.666666666666668;-0.93
16.7;-0.93
16.733333333333334;-0.93
16.766666666666666;-0.46
16.8;-0.67
16.833333333333332;-0.93
16.866666666666667;-0.67
16.9;-0.93
16.933333333333334;-0.67
16.966666666666665;-0.93
17;-0.93
17.033333333333335;-0.93
17.066666666666666;-0.63
17.1;-0.67
17.133333333333333;-0.93
17.166666666666668;-0.63
17.2;-0.93
17.233333333333334;-0.93
17.266666666666666;-0.93
17.3;-0.67
17.333333333333332;-0.93
17.366666666666667;-0.63
17.4;-0.67
17.433333333333334;-0.93
17.466666666666665;-0.63
17.5;-0.63
17.533333333333335;-0.93
17.566666666666666;-0.63
17.6;-0.93
17.633333333333333;-0.93
17.666666666666668;-0.67
17.7;-0.67
17.733333333333334;-0.93
17.766666666666666;-0.61
17.8;-0.63
17.833333333333332;-0.93
17.866666666666667;-0.63
17.9;-0.63
17.933333333333334;-0.93
17.966666666666665;-0.2
18;-0.93
18.033333333333335;-1.56
18.066666666666666;-0.93
18.1;-0.67
18.133333333333333;-0.93
18.166666666666668;-0.67
18.2;-0.93
18.233333333333334;-0.93
18.266666666666666;-0.93
18.3;-0.67
18.333333333333332;-0.93
18.366666666666667;-0.46
18.4;-0.67
18.433333333333334;-0.63
18.466666666666665;-0.91
18.5;-0.93
18.533333333333335;-0.93
18.566666666666666;-0.67
18.6;-0.67
18.633333333333333;-0.93
18.666666666666668;-0.63
18.7;-0.63
18.733333333333334;-0.67
18.766666666666666;-0.67
18.8;-0.29
18.833333333333332;0.15
18.866666666666667;1.17
18.9;1.13
18.933333333333334;1.34
18.966666666666665;1.67
19;2.1
19.033333333333335;2.7
19.066666666666666;1.89
19.1;4.72
19.133333333333333;3.47
19.166666666666668;5.31
19.2;11.02
19.233333333333334;5.13
19.266666666666666;9.26
19.3;5.37
19.333333333333332;5.48
19.366666666666667;6.77
19.4;5.89
19.433333333333334;6.9
19.466666666666665;7.07
19.5;7.2
19.533333333333335;7.36
19.566666666666666;9.38
19.6;8.62
19.633333333333333;8.7
19.666666666666668;8.74
19.7;8.86
19.733333333333334;9.72
19.766666666666666;13.68
19.8;10.04
19.833333333333332;10.83
19.866666666666667;11.52
19.9;11.92
19.933333333333334;11.92
19.966666666666665;11.84
20;12.63
20.033333333333335;13.47
20.066666666666666;13.32
20.1;13.46
20.133333333333333;13.96
20.166666666666668;15.44
20.2;15.47
20.233333333333334;15.64
20.266666666666666;15.7
20.3;17.48
20.333333333333332;16.54
20.366666666666667;17.5
20.4;17.44
20.433333333333334;17.44
20.466666666666665;18.34
20.5;19.23
20.533333333333335;18.85
20.566666666666666;19.7
20.6;19.52
20.633333333333333;20.58
20.666666666666668;25.44
20.7;24.55
20.733333333333334;22.16
20.766666666666666;23.06
20.8;21.45
20.833333333333332;21.56
20.866666666666667;21.7
20.9;23
20.933333333333334;23.09
20.966666666666665;23.94
21;23.29
21.033333333333335;23.36
21.066666666666666;25.36
21.1;24.89
21.133333333333333;24.89
21.166666666666668;25.93
21.2;26.23
21.233333333333334;26.45
21.266666666666666;26.69
21.3;26.69
21.333333333333332;27.56
21.366666666666667;27.73
21.4;27.8
21.433333333333334;28.18
21.466666666666665;29.35
21.5;29.35
21.533333333333335;29.55
21.566666666666666;29.85
21.6;30.8
21.633333333333333;31.15
21.666666666666668;31.19
21.7;31.79
21.733333333333334;32.73
21.766666666666666;32.77
21.8;31.88
21.833333333333332;32.77
21.866666666666667;32.93
21.9;34.76
21.933333333333334;34.16
21.966666666666665;33.41
22;33.41
22.033333333333335;33.95
22.066666666666666;34.1
22.1;35.11
22.133333333333333;36.1
22.166666666666668;35.21
22.2;35.44
22.233333333333334;35.9
22.266666666666666;36.26
22.3;35.98
22.333333333333332;37.36
22.366666666666667;37.36
22.4;37.24
22.433333333333334;37.45
22.466666666666665;38.85
22.5;38.72
22.533333333333335;38.72
22.566666666666666;38.81
22.6;39.9
22.633333333333333;39.9
22.666666666666668;40.11
22.7;40.29
22.733333333333334;40.96
22.766666666666666;41.69
22.8;42.19
22.833333333333332;42.55
22.866666666666667;42.76
22.9;42.76
22.933333333333334;43.49
22.966666666666665;43.76
23;43.86
23.033333333333335;43.86
23.066666666666666;44.79
23.1;43.88
23.133333333333333;44.95
23.166666666666668;44.51
23.2;45.5
23.233333333333334;45.71
23.266666666666666;45.66
23.3;45.86
23.333333333333332;45.86
23.366666666666667;46.87
23.4;46.96
23.433333333333334;48.01
23.466666666666665;47.11
23.5;46.25
23.533333333333335;47.18
23.566666666666666;46.28
23.6;46.37
23.633333333333333;47.21
23.666666666666668;46.46
23.7;47.46
23.733333333333334;47.46
23.766666666666666;47.46
23.8;47.55
23.833333333333332;49.41
23.866666666666667;48.73
23.9;48.12
23.933333333333334;49.79
23.966666666666665;49.57
24;49.84
24.033333333333335;48.12
24.066666666666666;48.12
24.1;48.12
24.133333333333333;48.12
24.166666666666668;48.12
24.2;48.17
24.233333333333334;48.86
24.266666666666666;47.97
24.3;48.12
24.333333333333332;48.12
24.366666666666667;48.12
24.4;47.84
24.433333333333334;48.12
24.466666666666665;48.12
24.5;47.97
24.533333333333335;48.12
24.566666666666666;48.12
24.6;47.84
24.633333333333333;48.12
24.666666666666668;49.05
24.7;48.17
24.733333333333334;48.12
24.766666666666666;48.12
24.8;49.05
24.833333333333332;48.12
24.866666666666667;49.05
24.9;48.12
24.933333333333334;48.12
24.966666666666665;48.12
25;47.84
25.033333333333335;49.79
25.066666666666666;49.05
25.1;48.12
25.133333333333333;48.12
25.166666666666668;48.79
25.2;47.84
25.233333333333334;48.12
25.266666666666666;49.05
25.3;48.12
25.333333333333332;48.12
25.366666666666667;48.59
25.4;47.84
25.433333333333334;48.12
25.466666666666665;48.86
25.5;48.12
25.533333333333335;47.84
25.566666666666666;48.12
25.6;48.12
25.633333333333333;48.12
25.666666666666668;48.12
25.7;48.12
25.733333333333334;47.84
25.766666666666666;48.12
25.8;48.12
25.833333333333332;48.12
25.866666666666667;48.12
25.9;48.12
25.933333333333334;48.12
25.966666666666665;48.12
26;47.84
26.033333333333335;48.12
26.066666666666666;48.12
26.1;48.12
26.133333333333333;48.12
26.166666666666668;48.12
26.2;48.12
26.233333333333334;48.12
26.266666666666666;48.12
26.3;48.12
26.333333333333332;47.84
26.366666666666667;48.32
26.4;48.12
26.433333333333334;48.12
26.466666666666665;49.05
26.5;48.12
26.533333333333335;47.84
26.566666666666666;48.12
26.6;48.12
26.633333333333333;48.12
26.666666666666668;48.12
26.7;48.12
26.733333333333334;47.84
26.766666666666666;48.12
26.8;48.12
26.833333333333332;48.12
26.866666666666667;48.12
26.9;48.59
26.933333333333334;48.78
26.966666666666665;48.12
27;47.84
27.033333333333335;48.97
27.066666666666666;48.12
27.1;48.12
27.133333333333333;48.12
27.166666666666668;47.84
27.2;48.12
27.233333333333334;48.12
27.266666666666666;48.12
27.3;48.12
27.333333333333332;47.84
27.366666666666667;48.12
27.4;48.12
27.433333333333334;47.84
27.466666666666665;48.12
27.5;48.12
27.533333333333335;48.12
27.566666666666666;47.84
27.6;48.65
27.633333333333333;48.12
27.666666666666668;48.12
27.7;48.12
27.733333333333334;47.84
27.766666666666666;49.59
27.8;43.98
27.833333333333332;32.15
27.866666666666667;12.59
27.9;-9.1
27.933333333333334;-33.5
27.966666666666665;-51.68
28;-64.61
28.033333333333335;-68.75
28.066666666666666;-63.5
28.1;-49.68
28.133333333333333;-29.23
28.166666666666668;-6.18
28.2;18.2
28.233333333333334;36.01
28.266666666666666;47.55
28.3;48.97
28.333333333333332;40.51
28.366666666666667;26.23
28.4;6.1
28.433333333333334;-16.14
28.466666666666665;-37.61
28.5;-53.59
28.533333333333335;-64.55
28.566666666666666;-65.55
28.6;-58.38
28.633333333333333;-44.66
28.666666666666668;-27.43
28.7;-6.45
28.733333333333334;14.65
28.766666666666666;31.64
28.8;41.22
28.833333333333332;43.95
28.866666666666667;36.96
28.9;24.58
28.933333333333334;5.89
28.966666666666665;-15.06
29;-34.83
29.033333333333335;-51.39
29.066666666666666;-61.49
29.1;-63.68
29.133333333333333;-57.6
29.166666666666668;-44.59
29.2;-26.03
29.233333333333334;-3.32
29.266666666666666;16.51
29.3;33
29.333333333333332;41.91
29.366666666666667;43.5
29.4;34.81
29.433333333333334;20.66
29.466666666666665;2.37
29.5;-17.13
29.533333333333335;-35.07
29.566666666666666;-49.25
29.6;-57.75
29.633333333333333;-57.49
29.666666666666668;-50.17
29.7;-37.17
29.733333333333334;-19.38
29.766666666666666;-0.42
29.8;17.48
29.833333333333332;31.66
29.866666666666667;39.72
29.9;39.14
29.933333333333334;30.79
29.966666666666665;17.17
30;-1.92
30.033333333333335;-20.26
30.066666666666666;-38.86
30.1;-51.94
30.133333333333333;-59.15
30.166666666666668;-58.43
30.2;-51.48
30.233333333333334;-36.52
30.266666666666666;-17.95
30.3;3.52
30.333333333333332;21.19
30.366666666666667;33.4
30.4;39.51
30.433333333333334;38.48
30.466666666666665;29.38
30.5;14.61
30.533333333333335;-3.83
30.566666666666666;-23.36
30.6;-39.76
30.633333333333333;-51.73
30.666666666666668;-57.69
30.7;-57.12
30.733333333333334;-48.82
30.766666666666666;-34.69
30.8;-15.24
30.833333333333332;5.48
30.866666666666667;23.27
30.9;35.43
30.933333333333334;40.5
30.966666666666665;38.12
31;29.52
31.033333333333335;12.21
31.066666666666666;-6.37
31.1;-26.83
31.133333333333333;-42.97
31.166666666666668;-54.7
31.2;-59.62
31.233333333333334;-57.52
31.266666666666666;-47.14
31.3;-30.91
31.333333333333332;-11.1
31.366666666666667;8.74
31.4;26.85
31.433333333333334;36.42
31.466666666666665;39.66
31.5;35.17
31.533333333333335;24.33
31.566666666666666;9.82
31.6;-9.4
31.633333333333333;-27.97
31.666666666666668;-44.4
31.7;-54.92
31.733333333333334;-59.13
31.766666666666666;-56.02
31.8;-43.52
31.833333333333332;-27.77
31.866666666666667;-9.02
31.9;9.57
31.933333333333334;24.75
31.966666666666665;35.4
32;39.36
32.03333333333333;34.83
32.06666666666667;21.53
32.1;7.88
32.13333333333333;-11.41
32.166666666666664;-29.19
32.2;-45.56
32.233333333333334;-54.93
32.266666666666666;-58.08
32.3;-53.56
32.333333333333336;-42.14
32.36666666666667;-26.75
32.4;-7.08
32.43333333333333;11.65
32.46666666666667;25.62
32.5;34.86
32.53333333333333;36.12
32.56666666666667;32.08
32.6;20.05
32.63333333333333;3.76
32.666666666666664;-13.49
32.7;-31.22
32.733333333333334;-44.27
32.766666666666666;-53.26
32.8;-57.44
32.833333333333336;-51.14
32.86666666666667;-43.16
32.9;-28.4
32.93333333333333;-9.96
32.96666666666667;6.8
33;22.12
33.03333333333333;29.83
33.06666666666667;33.16
33.1;31.08
33.13333333333333;19.79
33.166666666666664;5.34
33.2;-11.53
33.233333333333334;-27.49
33.266666666666666;-41.16
33.3;-50.64
33.333333333333336;-54.15
33.36666666666667;-51.39
33.4;-42.15
33.43333333333333;-27.82
33.46666666666667;-11.68
33.5;4.37
33.53333333333333;18.68
33.56666666666667;26.82
33.6;30.5
33.63333333333333;26.71
33.666666666666664;18.25
33.7;5.99
33.733333333333334;-9.3
33.766666666666666;-25.26
33.8;-38.83
33.833333333333336;-48.56
33.86666666666667;-53.16
33.9;-51.34
33.93333333333333;-45.26
33.96666666666667;-32.99
34;-20.13
34.03333333333333;-3.69
34.06666666666667;10.54
34.1;23.48
34.13333333333333;28.39
34.166666666666664;26.89
34.2;21.54
34.233333333333334;11.37
34.266666666666666;-1.8
34.3;-17.48
34.333333333333336;-31.98
34.36666666666667;-43.32
34.4;-50.03
34.43333333333333;-51.63
34.46666666666667;-45.93
34.5;-35.58
34.53333333333333;-22.14
34.56666666666667;-7.37
34.6;7.94
34.63333333333333;20.47
34.666666666666664;27.95
34.7;29.37
34.733333333333334;23.58
34.766666666666666;14.07
34.8;1.09
34.833333333333336;-13.45
34.86666666666667;-27.96
34.9;-41.5
34.93333333333333;-51.51
34.96666666666667;-54.37
35;-51.4
35.03333333333333;-42.73
35.06666666666667;-29.55
35.1;-12.63
35.13333333333333;3.07
35.166666666666664;17.76
35.2;28.47
35.233333333333334;31.97
35.266666666666666;30.39
35.3;21.66
35.333333333333336;7.88
35.36666666666667;-8.34
35.4;-24.55
35.43333333333333;-38.9
35.46666666666667;-49.54
35.5;-53.03
35.53333333333333;-52.18
35.56666666666667;-44.41
35.6;-29.35
35.63333333333333;-12.39
35.666666666666664;4.6
35.7;19.77
35.733333333333334;30.08
35.766666666666666;34.69
35.8;33.25
35.833333333333336;22.94
35.86666666666667;8.54
35.9;-8.07
35.93333333333333;-25.17
35.96666666666667;-40
36;-52.34
36.03333333333333;-56.31
36.06666666666667;-55.61
36.1;-46.72
36.13333333333333;-31.77
36.166666666666664;-14.36
36.2;5.19
36.233333333333334;20.52
36.266666666666666;32.65
36.3;36.63
36.333333333333336;34.21
36.36666666666667;25.37
36.4;12.15
36.43333333333333;-5.91
36.46666666666667;-24.35
36.5;-40.96
36.53333333333333;-52.02
36.56666666666667;-57.52
36.6;-54.49
36.63333333333333;-44.87
36.666666666666664;-29.91
36.7;-11.42
36.733333333333334;8.08
36.766666666666666;24.13
36.8;34.44
36.833333333333336;38.36
36.86666666666667;34.21
36.9;23.96
36.93333333333333;8.71
36.96666666666667;-10.48
37;-28.76
37.03333333333333;-45.07
37.06666666666667;-56.29
37.1;-59.57
37.13333333333333;-56.32
37.166666666666664;-44
37.2;-27.94
37.233333333333334;-8.56
37.266666666666666;10.3
37.3;26.98
37.333333333333336;36.41
37.36666666666667;39.82
37.4;35.35
37.43333333333333;22.78
37.46666666666667;6.63
37.5;-11.65
37.53333333333333;-29.87
37.56666666666667;-45.33
37.6;-54.93
37.63333333333333;-57.13
37.666666666666664;-52.13
37.7;-41.15
37.733333333333334;-22.61
37.766666666666666;-2.91
37.8;15.2
37.833333333333336;29.46
37.86666666666667;37.64
37.9;39.82
37.93333333333333;32.9
37.96666666666667;19.72
38;1.9
38.03333333333333;-17.64
38.06666666666667;-34.47
38.1;-49.37
38.13333333333333;-58.02
38.166666666666664;-58.88
38.2;-52.73
38.233333333333334;-39.68
38.266666666666666;-21.46
38.3;-1.14
38.333333333333336;18.03
38.36666666666667;31.88
38.4;39.16
38.43333333333333;38
38.46666666666667;30.15
38.5;16.81
38.53333333333333;-0.61
38.56666666666667;-18.95
38.6;-36.3
38.63333333333333;-49.44
38.666666666666664;-55.77
38.7;-56.13
38.733333333333334;-47.43
38.766666666666666;-33.84
38.8;-17.12
38.833333333333336;2.37
38.86666666666667;19.74
38.9;32.34
38.93333333333333;37.81
38.96666666666667;35.6
39;27.39
39.03333333333333;13.19
39.06666666666667;-4.47
39.1;-23.09
39.13333333333333;-39.88
39.166666666666664;-52.05
39.2;-59.05
39.233333333333334;-57.29
39.266666666666666;-48.79
39.3;-33.81
39.333333333333336;-14.94
39.36666666666667;3.74
39.4;20.36
39.43333333333333;32.56
39.46666666666667;37.16
39.5;34.01
39.53333333333333;26.26
39.56666666666667;10.59
39.6;-6.55
39.63333333333333;-23.16
39.666666666666664;-38.89
39.7;-49.86
39.733333333333334;-53.35
39.766666666666666;-52.44
39.8;-44.15
39.833333333333336;-30.4
39.86666666666667;-12.68
39.9;5.31
39.93333333333333;19.96
39.96666666666667;30.01
40;33.87
40.03333333333333;32.3
40.06666666666667;22.7
40.1;8.28
40.13333333333333;-8.74
40.166666666666664;-26.67
40.2;-41.23
40.233333333333334;-51.73
40.266666666666666;-56.08
40.3;-54.2
40.333333333333336;-44.85
40.36666666666667;-31.57
40.4;-15.17
40.43333333333333;2.73
40.46666666666667;18.24
40.5;27.52
40.53333333333333;32.23
40.56666666666667;30.15
40.6;22.24
40.63333333333333;9.45
40.666666666666664;-6.71
40.7;-21.9
40.733333333333334;-35.7
40.766666666666666;-45.01
40.8;-48.93
40.833333333333336;-46.23
40.86666666666667;-38.4
40.9;-25.66
40.93333333333333;-9.76
40.96666666666667;4
41;18.37
41.03333333333333;27.68
41.06666666666667;32.12
41.1;28.23
41.13333333333333;18.69
41.166666666666664;5.32
41.2;-9.85
41.233333333333334;-25.42
41.266666666666666;-39.61
41.3;-49.99
41.333333333333336;-52.75
41.36666666666667;-51.01
41.4;-43.33
41.43333333333333;-27.81
41.46666666666667;-11.97
41.5;3.97
41.53333333333333;17.8
41.56666666666667;28.03
41.6;31.61
41.63333333333333;29.23
41.666666666666664;19.83
41.7;7.2
41.733333333333334;-7.83
41.766666666666666;-23.63
41.8;-37.33
41.833333333333336;-45.72
41.86666666666667;-50.84
41.9;-47.66
41.93333333333333;-39.29
41.96666666666667;-25.83
42;-10.05
42.03333333333333;8.1
42.06666666666667;20.79
42.1;29.79
42.13333333333333;33.32
42.166666666666664;29.82
42.2;19.42
42.233333333333334;5.37
42.266666666666666;-11.68
42.3;-27.95
42.333333333333336;-41.74
42.36666666666667;-50.25
42.4;-54.29
42.43333333333333;-50.62
42.46666666666667;-40.71
42.5;-26.92
42.53333333333333;-9.11
42.56666666666667;7.5
42.6;21.21
42.63333333333333;29.99
42.666666666666664;32.69
42.7;28.11
42.733333333333334;18.69
42.766666666666666;4.38
42.8;-11.92
42.833333333333336;-27.61
42.86666666666667;-39.39
42.9;-48.51
42.93333333333333;-50.95
42.96666666666667;-47.64
43;-37.36
43.03333333333333;-22.23
43.06666666666667;-5.77
43.1;10.02
43.13333333333333;23.82
43.166666666666664;31.1
43.2;32.5
43.233333333333334;26.91
43.266666666666666;15.47
43.3;2.11
43.333333333333336;-14.63
43.36666666666667;-30.65
43.4;-43.33
43.43333333333333;-50.91
43.46666666666667;-53.51
43.5;-48.37
43.53333333333333;-36.95
43.56666666666667;-21.95
43.6;-5.72
43.63333333333333;9.15
43.666666666666664;22.71
43.7;29.9
43.733333333333334;31.47
43.766666666666666;25.69
43.8;15.25
43.833333333333336;1.42
43.86666666666667;-15.16
43.9;-30.05
43.93333333333333;-41.55
43.96666666666667;-48.15
44;-50.14
44.03333333333333;-45.42
44.06666666666667;-34.09
44.1;-20.58
44.13333333333333;-3.76
44.166666666666664;11.11
44.2;22.85
44.233333333333334;29.9
44.266666666666666;29.73
44.3;24.49
44.333333333333336;13.15
44.36666666666667;-1.95
44.4;-16.77
44.43333333333333;-31.56
44.46666666666667;-41.57
44.5;-48.85
44.53333333333333;-48.31
44.56666666666667;-45.03
44.6;-35.33
44.63333333333333;-20.88
44.666666666666664;-4.89
44.7;9.9
44.733333333333334;20.96
44.766666666666666;27.65
44.8;28.16
44.833333333333336;24.83
44.86666666666667;13.82
44.9;-0.01
44.93333333333333;-14.09
44.96666666666667;-29.26
45;-41.12
45.03333333333333;-47.33
45.06666666666667;-48.28
45.1;-44.43
45.13333333333333;-34.26
45.166666666666664;-20.32
45.2;-5.22
45.233333333333334;9.36
45.266666666666666;19.72
45.3;26.91
45.333333333333336;27.43
45.36666666666667;22.39
45.4;12.8
45.43333333333333;-0.32
45.46666666666667;-14.82
45.5;-28.49
45.53333333333333;-40.24
45.56666666666667;-45.99
45.6;-48.42
45.63333333333333;-43.88
45.666666666666664;-35.82
45.7;-23.32
45.733333333333334;-7.94
45.766666666666666;5.74
45.8;17.38
45.833333333333336;24.66
45.86666666666667;26.98
45.9;24.2
45.93333333333333;16.01
45.96666666666667;3.69
46;-10.7
46.03333333333333;-24.48
46.06666666666667;-37.43
46.1;-45.31
46.13333333333333;-48.59
46.166666666666664;-45.58
46.2;-36.96
46.233333333333334;-24.2
46.266666666666666;-10.02
46.3;4.7
46.333333333333336;18.16
46.36666666666667;25.07
46.4;27.92
46.43333333333333;25.15
46.46666666666667;16.18
46.5;3.41
46.53333333333333;-10.23
46.56666666666667;-24.77
46.6;-36.58
46.63333333333333;-44.45
46.666666666666664;-47.89
46.7;-45.17
46.733333333333334;-36.45
46.766666666666666;-24.25
46.8;-9.68
46.833333333333336;6.05
46.86666666666667;17.79
46.9;26.4
46.93333333333333;29.17
46.96666666666667;27.16
47;18
47.03333333333333;5.53
47.06666666666667;-10.17
47.1;-25.01
47.13333333333333;-38.01
47.166666666666664;-46.58
47.2;-49.79
47.233333333333334;-46.62
47.266666666666666;-38.28
47.3;-24.11
47.333333333333336;-8.5
47.36666666666667;7.55
47.4;19.99
47.43333333333333;28.26
47.46666666666667;29.95
47.5;26.76
47.53333333333333;18.12
47.56666666666667;3.43
47.6;-12.53
47.63333333333333;-27.33
47.666666666666664;-38.73
47.7;-47.27
47.733333333333334;-49.51
47.766666666666666;-45.89
47.8;-36.73
47.833333333333336;-22.38
47.86666666666667;-6.53
47.9;9.4
47.93333333333333;23.07
47.96666666666667;30.8
48;32.39
48.03333333333333;27.16
48.06666666666667;16.64
48.1;2.33
48.13333333333333;-14.04
48.166666666666664;-29.05
48.2;-41.79
48.233333333333334;-49.79
48.266666666666666;-51.68
48.3;-46.11
48.333333333333336;-35.15
48.36666666666667;-20.28
48.4;-2.63
48.43333333333333;13.62
48.46666666666667;25.64
48.5;32.1
48.53333333333333;32.49
48.56666666666667;25.74
48.6;14.22
48.63333333333333;-0.67
48.666666666666664;-16.97
48.7;-32.51
48.733333333333334;-44.31
48.766666666666666;-50.01
48.8;-50.69
48.833333333333336;-43.64
48.86666666666667;-31.97
48.9;-15.51
48.93333333333333;2.3
48.96666666666667;17.92
49;28.64
49.03333333333333;34.1
49.06666666666667;32.66
49.1;24.84
49.13333333333333;11.6
49.166666666666664;-5.25
49.2;-21.89
49.233333333333334;-36.68
49.266666666666666;-47.07
49.3;-52.37
49.333333333333336;-50.25
49.36666666666667;-42.27
49.4;-27.98
49.43333333333333;-10.87
49.46666666666667;6.14
49.5;20.52
49.53333333333333;30.34
49.56666666666667;33.48
49.6;30.73
49.63333333333333;21.36
49.666666666666664;7.22
49.7;-10
49.733333333333334;-25.13
49.766666666666666;-38.13
49.8;-49.24
49.833333333333336;-51.02
49.86666666666667;-47.51
49.9;-37.62
49.93333333333333;-22.8
49.96666666666667;-6.27
50;10.09
50.03333333333333;24.41
50.06666666666667;32.45
50.1;34.25
50.13333333333333;29.57
50.166666666666664;17.71
50.2;2.88
50.233333333333334;-13.71
50.266666666666666;-30.75
50.3;-43.57
50.333333333333336;-50.43
50.36666666666667;-51.53
50.4;-46.78
50.43333333333333;-34.9
50.46666666666667;-19.37
50.5;-1.51
50.53333333333333;15.28
50.56666666666667;26.65
50.6;32.29
50.63333333333333;32.75
50.666666666666664;25.55
50.7;13.2
50.733333333333334;-0.72
50.766666666666666;-17.54
50.8;-32.57
50.833333333333336;-43.59
50.86666666666667;-49.86
50.9;-48.67
50.93333333333333;-41.84
50.96666666666667;-29.41
51;-13.86
51.03333333333333;3.51
51.06666666666667;18.46
51.1;28.7
51.13333333333333;32.81
51.166666666666664;30.48
51.2;22.66
51.233333333333334;9.92
51.266666666666666;-6.37
51.3;-22.83
51.333333333333336;-37.46
51.36666666666667;-47.86
51.4;-52.1
51.43333333333333;-49.55
51.46666666666667;-41.16
51.5;-27.16
51.53333333333333;-11.3
51.56666666666667;4.59
51.6;19.39
51.63333333333333;28.64
51.666666666666664;31.7
51.7;27.8
51.733333333333334;18.92
51.766666666666666;6.17
51.8;-9.97
51.833333333333336;-24.68
51.86666666666667;-37.87
51.9;-45.91
51.93333333333333;-49.03
51.96666666666667;-45.33
52;-36.12
52.03333333333333;-22.13
52.06666666666667;-5.96
52.1;9.25
52.13333333333333;21.19
52.166666666666664;28.87
52.2;30.39
52.233333333333334;26.07
52.266666666666666;15.82
52.3;2.06
52.333333333333336;-12.94
52.36666666666667;-28.25
52.4;-40.66
52.43333333333333;-48.52
52.46666666666667;-49.63
52.5;-46.91
52.53333333333333;-36.62
52.56666666666667;-22.2
52.6;-6.64
52.63333333333333;9.29
52.666666666666664;19.93
52.7;27.61
52.733333333333334;29.9
52.766666666666666;23.17
52.8;13.38
52.833333333333336;0.6
52.86666666666667;-13.76
52.9;-27.65
52.93333333333333;-38.45
52.96666666666667;-44.75
53;-46.08
53.03333333333333;-41.83
53.06666666666667;-31.95
53.1;-19.12
53.13333333333333;-4.02
53.166666666666664;9.07
53.2;20.47
53.233333333333334;26.4
53.266666666666666;26.72
53.3;21.04
53.333333333333336;12.09
53.36666666666667;-1.24
53.4;-15.76
53.43333333333333;-29.38
53.46666666666667;-39.07
53.5;-47.63
53.53333333333333;-48.44
53.56666666666667;-44.46
53.6;-34.12
53.63333333333333;-21.97
53.666666666666664;-7.84
53.7;6.07
53.733333333333334;17.62
53.766666666666666;24.33
53.8;25.73
53.833333333333336;20.69
53.86666666666667;12
53.9;1.21
53.93333333333333;-12.77
53.96666666666667;-25.62
54;-35.32
54.03333333333333;-41.63
54.06666666666667;-43.96
54.1;-40.36
54.13333333333333;-31.68
54.166666666666664;-20.86
54.2;-7.29
54.233333333333334;5.87
54.266666666666666;16.59
54.3;23.09
54.333333333333336;24.71
54.36666666666667;20.84
54.4;12.82
54.43333333333333;1.63
54.46666666666667;-12.89
54.5;-25.5
54.53333333333333;-36.94
54.56666666666667;-44.74
54.6;-47.63
54.63333333333333;-44.16
54.666666666666664;-36.71
54.7;-25.16
54.733333333333334;-11.1
54.766666666666666;3.29
54.8;13.72
54.833333333333336;21.69
54.86666666666667;24.95
54.9;22.97
54.93333333333333;15.91
54.96666666666667;4.62
55;-9.26
55.03333333333333;-21.94
55.06666666666667;-33.03
55.1;-44.45
55.13333333333333;-43.63
55.166666666666664;-36
55.2;-24.33
55.233333333333334;-10.53
55.266666666666666;3.77
55.3;15.08
55.333333333333336;24.42
55.36666666666667;27.42
55.4;24.16
55.43333333333333;16.34
55.46666666666667;5.08
55.5;-9.12
55.53333333333333;-23.19
55.56666666666667;-36.95
55.6;-44.82
55.63333333333333;-48.8
55.666666666666664;-46.5
55.7;-38.39
55.733333333333334;-26.71
55.766666666666666;-12.35
55.8;3.15
55.833333333333336;16.17
55.86666666666667;25.1
55.9;28.63
55.93333333333333;25.48
55.96666666666667;17.99
56;5.83
56.03333333333333;-8.52
56.06666666666667;-22.65
56.1;-35.24
56.13333333333333;-43.87
56.166666666666664;-47.4
56.2;-44.85
56.233333333333334;-36.91
56.266666666666666;-24.13
56.3;-8.41
56.333333333333336;7.3
56.36666666666667;19.41
56.4;28.08
56.43333333333333;30.01
56.46666666666667;27.07
56.5;16.58
56.53333333333333;3.87
56.56666666666667;-11
56.6;-26.84
56.63333333333333;-39.09
56.666666666666664;-48
56.7;-51.04
56.733333333333334;-46.13
56.766666666666666;-36.72
56.8;-22.93
56.833333333333336;-6.65
56.86666666666667;22.2
56.9;29.13
56.93333333333333;30.6
56.96666666666667;26.39
57;16.16
57.03333333333333;2.07
57.06666666666667;-13.35
57.1;-28.54
57.13333333333333;-40.92
57.166666666666664;-48.28
57.2;-48.4
57.233333333333334;-44.07
57.266666666666666;-33.52
57.3;-18.7
57.333333333333336;-2.46
57.36666666666667;14.18
57.4;25.48
57.43333333333333;30.85
57.46666666666667;31.32
57.5;25.45
57.53333333333333;13.86
57.56666666666667;0.14
57.6;-16.78
57.63333333333333;-32.15
57.666666666666664;-43.94
57.7;-49.63
57.733333333333334;-49.66
57.766666666666666;-42.98
57.8;-30.2
57.833333333333336;-14.16
57.86666666666667;3.17
57.9;17.63
57.93333333333333;27.19
57.96666666666667;32.39
58;30.6
58.03333333333333;22.99
58.06666666666667;9.07
58.1;-5.78
58.13333333333333;-21.59
58.166666666666664;-35.77
58.2;-45.56
58.233333333333334;-47.89
58.266666666666666;-39.36
58.3;-26.15
58.333333333333336;-9.81
58.36666666666667;6.49
58.4;20.24
58.43333333333333;30.24
58.46666666666667;32.29
58.5;28.58
58.53333333333333;20.48
58.56666666666667;5.42
58.6;-9.59
58.63333333333333;-26.12
58.666666666666664;-37.83
58.7;-47.24
58.733333333333334;-49.6
58.766666666666666;-44.54
58.8;-34.86
58.833333333333336;-21.16
58.86666666666667;-4.69
58.9;10.73
58.93333333333333;24.2
58.96666666666667;30.82
59;32.09
59.03333333333333;27.23
59.06666666666667;15.56
59.1;0.96
59.13333333333333;-14.79
59.166666666666664;-29.54
59.2;-49.06
59.233333333333334;-49.94
59.266666666666666;-44.88
59.3;-32.25
59.333333333333336;-17.29
59.36666666666667;-0.28
59.4;13.64
59.43333333333333;25.53
59.46666666666667;30.79
59.5;31.72
59.53333333333333;23.63
59.56666666666667;10.46
59.6;-18.24
59.63333333333333;-32.21
59.666666666666664;-42.18
59.7;-47.21
59.733333333333334;-46.33
59.766666666666666;-38.81
59.8;-12.14
59.833333333333336;3.81
59.86666666666667;17.52
59.9;26.03
59.93333333333333;30.71
59.96666666666667;27.42
60;20.69
60.03333333333333;8.84
60.06666666666667;-7.95
60.1;-22.79
60.13333333333333;-36.66
60.166666666666664;-46.68
60.2;-49.51
60.233333333333334;-47.61
60.266666666666666;-38.42
60.3;-25.1
60.333333333333336;-9.59
60.36666666666667;5.75
60.4;18.46
60.43333333333333;26.62
60.46666666666667;28.98
60.5;17.19
60.53333333333333;4.33
60.56666666666667;-10.62
60.6;-24.83
60.63333333333333;-35.96
60.666666666666664;-43.15
60.7;-45.29
60.733333333333334;-42.3
60.766666666666666;-32.57
60.8;-19.88
60.833333333333336;-5.88
60.86666666666667;7.68
60.9;19.28
60.93333333333333;26.28
60.96666666666667;26.9
61;23.85
61.03333333333333;13.83
61.06666666666667;-0.18
61.1;-13.86
61.13333333333333;-28.3
61.166666666666664;-39.19
61.2;-47.18
61.233333333333334;-48.16
61.266666666666666;-44.21
61.3;-34.74
61.333333333333336;-22.09
61.36666666666667;7.71
61.4;17.95
61.43333333333333;24.62
61.46666666666667;24.98
61.5;20.93
61.53333333333333;13.11
61.56666666666667;-0.13
61.6;-13.48
61.63333333333333;-25.41
61.666666666666664;-35.23
61.7;-41.65
61.733333333333334;-42.85
61.766666666666666;-37.89
61.8;-30.65
61.833333333333336;-17.54
61.86666666666667;-4.26
61.9;6.97
61.93333333333333;16.28
61.96666666666667;23.51
62;23.33
62.03333333333333;19.5
62.06666666666667;11.25
62.1;-0.82
62.13333333333333;-28.46
62.166666666666664;-37.92
62.2;-43.63
62.233333333333334;-46.29
62.266666666666666;-43.04
62.3;-34.26
62.333333333333336;-21.75
62.36666666666667;-8.73
62.4;4.57
62.43333333333333;15.68
62.46666666666667;21.65
62.5;23.25
62.53333333333333;20.25
62.56666666666667;11.98
62.6;0.73
62.63333333333333;-11.17
62.666666666666664;-23.69
62.7;-33.51
62.733333333333334;-39.85
62.766666666666666;-41.27
62.8;-38.26
62.833333333333336;-32.51
62.86666666666667;-19.47
62.9;-7.42
62.93333333333333;15.71
62.96666666666667;22.19
63;24.48
63.03333333333333;19.96
63.06666666666667;11.88
63.1;0.63
63.13333333333333;-12.6
63.166666666666664;-25.4
63.2;-36.45
63.233333333333334;-44.42
63.266666666666666;-46.64
63.3;-43.9
63.333333333333336;-35.57
63.36666666666667;-23.51
63.4;-8.84
63.43333333333333;3.93
63.46666666666667;15.53
63.5;22.71
63.53333333333333;24.89
63.56666666666667;22.17
63.6;13.73
63.63333333333333;-10.61
63.666666666666664;-24.2
63.7;-34.08
63.733333333333334;-40.83
63.766666666666666;-44
63.8;-40.06
63.833333333333336;-32.74
63.86666666666667;-20.29
63.9;-6.63
63.93333333333333;7.06
63.96666666666667;18.89
64;26.47
64.03333333333333;26.87
64.06666666666666;22.56
64.1;14.15
64.13333333333334;1.56
64.16666666666667;-13.29
64.2;-26.67
64.23333333333333;-38.88
64.26666666666667;-47.4
64.3;-44.29
64.33333333333333;-33.79
64.36666666666666;-21.13
64.4;-5.13
64.43333333333334;8.38
64.46666666666667;20.04
64.5;26.58
64.53333333333333;27.92
64.56666666666666;23.71
64.6;13.52
64.63333333333334;1.34
64.66666666666667;-13.4
64.7;-27.53
64.73333333333333;-38.73
64.76666666666667;-43.96
64.8;-45.7
64.83333333333333;-40.67
64.86666666666666;-16.46
64.9;-1.52
64.93333333333334;13.2
64.96666666666667;23.24
65;28.96
65.03333333333333;28.94
65.06666666666666;22.29
65.1;12.59
65.13333333333334;-1.9
65.16666666666667;-17.7
65.2;-31.5
65.23333333333333;-42.35
65.26666666666667;-47.85
65.3;-47.83
65.33333333333333;-41.36
65.36666666666666;-28.93
65.4;-14.06
65.43333333333334;15.01
65.46666666666667;24.93
65.5;29.2
65.53333333333333;27.67
65.56666666666666;21.33
65.6;8.82
65.63333333333334;-5.82
65.66666666666667;-20.5
65.7;-33.31
65.73333333333333;-43.28
65.76666666666667;-47.99
65.8;-46.08
65.83333333333333;-37.56
65.86666666666666;-24.69
65.9;6.14
65.93333333333334;19.01
65.96666666666667;27.22
66;30.4
66.03333333333333;27.73
66.06666666666666;18.36
66.1;5.84
66.13333333333334;-9.63
66.16666666666667;-24.65
66.2;-36.99
66.23333333333333;-45.78
66.26666666666667;-47.83
66.3;-44.88
66.33333333333333;-34.67
66.36666666666666;-21.11
66.4;-5.55
66.43333333333334;10.02
66.46666666666667;28.54
66.5;29.55
66.53333333333333;24.78
66.56666666666666;14.38
66.6;1.53
66.63333333333334;-14.37
66.66666666666667;-28.74
66.7;-39.35
66.73333333333333;-46.79
66.76666666666667;-47.71
66.8;-41.96
66.83333333333333;-31.28
66.86666666666666;-17.23
66.9;-1.83
66.93333333333334;13.39
66.96666666666667;23.82
67;30.14
67.03333333333333;22.47
67.06666666666666;11.46
67.1;-1.95
67.13333333333334;-17.8
67.16666666666667;-30.49
67.2;-39.61
67.23333333333333;-46
67.26666666666667;-44.26
67.3;-37.9
67.33333333333333;-27.37
67.36666666666666;-12.63
67.4;2.68
67.43333333333334;15.73
67.46666666666667;24.73
67.5;26.38
67.53333333333333;19.13
67.56666666666666;7.55
67.6;-7.6
67.63333333333334;-22.12
67.66666666666667;-33.91
67.7;-43.44
67.73333333333333;-46.46
67.76666666666667;-44.47
67.8;-36.13
67.83333333333333;-24.8
67.86666666666666;-10.35
67.9;4.55
67.93333333333334;16.87
67.96666666666667;27.86
68;25.12
68.03333333333333;15.45
68.06666666666666;4.05
68.1;-8.79
68.13333333333334;-22.6
68.16666666666667;-34.02
68.2;-41.4
68.23333333333333;-43.46
68.26666666666667;-41.22
68.3;-33.21
68.33333333333333;-21.37
68.36666666666666;-7.45
68.4;5.87
68.43333333333334;17.35
68.46666666666667;23.35
68.5;21.6
68.53333333333333;13.73
68.56666666666666;1.13
68.6;-11.72
68.63333333333334;-25.37
68.66666666666667;-36.09
68.7;-42.66
68.73333333333333;-44.87
68.76666666666667;-41.36
68.8;-32.33
68.83333333333333;-21.01
68.86666666666666;-7.8
68.9;5.24
68.93333333333334;16.38
68.96666666666667;23.23
69;23.22
69.03333333333333;19.47
69.06666666666666;1.21
69.1;-12.3
69.13333333333334;-24.28
69.16666666666667;-33.03
69.2;-39.45
69.23333333333333;-39.38
69.26666666666667;-35.26
69.3;-27.29
69.33333333333333;-15.5
69.36666666666666;-4.2
69.4;7.3
69.43333333333334;16.47
69.46666666666667;22.1
69.5;22.95
69.53333333333333;8.25
69.56666666666666;-2.96
69.6;-15.89
69.63333333333334;-26.93
69.66666666666667;-35.93
69.7;-42.62
69.73333333333333;-42.65
69.76666666666667;-37.24
69.8;-27.06
69.83333333333333;-15.99
69.86666666666666;-3.33
69.9;8.66
69.93333333333334;22.59
69.96666666666667;22.3
70;17.27
70.03333333333333;7.98
70.06666666666666;-3.01
70.1;-15.26
70.13333333333334;-26.63
70.16666666666667;-35.25
70.2;-40.13
70.23333333333333;-39.86
70.26666666666667;-34.46
70.3;-25.37
70.33333333333333;-12.92
70.36666666666666;-0.97
70.4;20.04
70.43333333333334;24.06
70.46666666666667;22.83
70.5;15.99
70.53333333333333;5.9
70.56666666666666;-5.92
70.6;-19.04
70.63333333333334;-30.72
70.66666666666667;-39.45
70.7;-44.01
70.73333333333333;-42.4
70.76666666666667;-36.26
70.8;-24.92
70.83333333333333;2.12
70.86666666666666;12.68
70.9;21.05
70.93333333333334;24.44
70.96666666666667;22.24
71;15.1
71.03333333333333;4.16
71.06666666666666;-7.7
71.1;-20.44
71.13333333333334;-30.71
71.16666666666667;-38.85
71.2;-41.42
71.23333333333333;-32.2
71.26666666666667;-19.83
71.3;-7.52
71.33333333333333;4.9
71.36666666666666;15.99
71.4;23.86
71.43333333333334;25.04
71.46666666666667;21.72
71.5;12.95
71.53333333333333;0.67
71.56666666666666;-12.06
71.6;-35.13
71.63333333333334;-42.6
71.66666666666667;-42.63
71.7;-40.51
71.73333333333333;-31.28
71.76666666666667;-19.01
71.8;-5.34
71.83333333333333;7.32
71.86666666666666;17.59
71.9;22.99
71.93333333333334;24.75
71.96666666666667;10.41
72;-0.61
72.03333333333333;-13.41
72.06666666666666;-26.26
72.1;-35.52
72.13333333333334;-41.39
72.16666666666667;-42.23
72.2;-36.37
72.23333333333333;-27.14
72.26666666666667;-15.12
72.3;-1.16
72.33333333333333;10.9
72.36666666666666;18.98
72.4;23.56
72.43333333333334;18.04
72.46666666666667;8.49
72.5;-4.83
72.53333333333333;-17.79
72.56666666666666;-29.73
72.6;-37.6
72.63333333333334;-42.68
72.66666666666667;-41.99
72.7;-35.47
72.73333333333333;-25.75
72.76666666666667;1.83
72.8;12.09
72.83333333333333;19.66
72.86666666666666;24.09
72.9;22.33
72.93333333333334;16.06
72.96666666666667;5.01
73;-7.57
73.03333333333333;-18.98
73.06666666666666;-30.88
73.1;-38.51
73.13333333333334;-39.54
73.16666666666667;-32.37
73.2;-22.4
73.23333333333333;-8.76
73.26666666666667;3.69
73.3;14.8
73.33333333333333;22.22
73.36666666666666;23.55
73.4;21.71
73.43333333333334;13.47
73.46666666666667;2.31
73.5;-23
73.53333333333333;-32.42
73.56666666666666;-39.32
73.6;-41.1
73.63333333333334;-38.1
73.66666666666667;-31.61
73.7;-20.62
73.73333333333333;-7.92
73.76666666666667;4.87
73.8;15.55
73.83333333333333;22.8
73.86666666666666;19.79
73.9;12.25
73.93333333333334;1.65
73.96666666666667;-12.47
74;-23.82
74.03333333333333;-33.73
74.06666666666666;-39.2
74.1;-40.9
74.13333333333334;-36.73
74.16666666666667;-29.73
74.2;-4.59
74.23333333333333;6.47
74.26666666666667;15.58
74.3;21.25
74.33333333333333;21.58
74.36666666666666;17.4
74.4;9.7
74.43333333333334;-1.7
74.46666666666667;-13.53
74.5;-33.25
74.53333333333333;-38
74.56666666666666;-38.42
74.6;-35.96
74.63333333333334;-27.31
74.66666666666667;-16.39
74.7;-4.16
74.73333333333333;6.58
74.76666666666667;15.93
74.8;19.71
74.83333333333333;21.05
74.86666666666666;8.96
74.9;-1.98
74.93333333333334;-13.93
74.96666666666667;-24.95
75;-34.15
75.03333333333333;-38.65
75.06666666666666;-40.17
75.1;-35.5
75.13333333333334;-27.05
75.16666666666667;-15.01
75.2;9.16
75.23333333333333;16.08
75.26666666666667;20.81
75.3;22.06
75.33333333333333;16.37
75.36666666666666;7.37
75.4;-3.01
75.43333333333334;-14.17
75.46666666666667;-25.46
75.5;-32.08
75.53333333333333;-38.38
75.56666666666666;-33.45
75.6;-25.63
75.63333333333334;-14.65
75.66666666666667;-3.35
75.7;7.68
75.73333333333333;15.86
75.76666666666667;20.07
75.8;20.28
75.83333333333333;16.08
75.86666666666666;7.41
75.9;-4.39
75.93333333333334;-26.8
75.96666666666667;-35.12
76;-40.59
76.03333333333333;-39.59
76.06666666666666;-34.04
76.1;-25.48
76.13333333333334;-14.27
76.16666666666667;-1.37
76.2;10.08
76.23333333333333;21.32
76.26666666666667;21.35
76.3;15.66
76.33333333333333;6.37
76.36666666666666;-5.39
76.4;-17.16
76.43333333333334;-27.29
76.46666666666667;-35.69
76.5;-39.48
76.53333333333333;-37.25
76.56666666666666;-23.63
76.6;-12.21
76.63333333333334;-0.13
76.66666666666667;10.92
76.7;18.74
76.73333333333333;21.87
76.76666666666667;20.51
76.8;14.53
76.83333333333333;4.89
76.86666666666666;-19.64
76.9;-30.35
76.93333333333334;-36.85
76.96666666666667;-41.23
77;-39.92
77.03333333333333;-33.17
77.06666666666666;-22.23
77.1;-10.31
77.13333333333334;2.48
77.16666666666667;13.43
77.2;24.4
77.23333333333333;20.69
77.26666666666667;13.06
77.3;3.19
77.33333333333333;-7.99
77.36666666666666;-20.32
77.4;-31.22
77.43333333333334;-38.03
77.46666666666667;-40.55
77.5;-30.68
77.53333333333333;-19.68
77.56666666666666;-6.77
77.6;6.04
77.63333333333334;15.7
77.66666666666667;21.74
77.7;23.76
77.73333333333333;20.02
77.76666666666667;12.35
77.8;0.49
77.83333333333333;-24.03
77.86666666666666;-34.72
77.9;-41.49
77.93333333333334;-42.64
77.96666666666667;-38.31
78;-30.27
78.03333333333333;-16.49
78.06666666666666;-4.27
78.1;7.53
78.13333333333334;17.56
78.16666666666667;22.95
78.2;18.63
78.23333333333333;9.3
78.26666666666667;-1.88
78.3;-15.3
78.33333333333333;-25.72
78.36666666666666;-35.35
78.4;-40.11
78.43333333333334;-39.94
78.46666666666667;-35.81
78.5;-12.92
78.53333333333333;-1.1
78.56666666666666;11.44
78.6;20.23
78.63333333333334;23.67
78.66666666666667;23.08
78.7;16.25
78.73333333333333;6.47
78.76666666666667;-6.2
78.8;-18.01
78.83333333333333;-37.56
78.86666666666666;-40.09
78.9;-40.8
78.93333333333334;-34.57
78.96666666666667;-23.59
79;-11.01
79.03333333333333;2.27
79.06666666666666;13.14
79.1;24
79.13333333333334;20.55
79.16666666666667;14.26
79.2;5.13
79.23333333333333;-8.16
79.26666666666667;-19.91
79.3;-29.86
79.33333333333333;-37.48
79.36666666666666;-39.66
79.4;-31.28
79.43333333333334;-20.32
79.46666666666667;-7.79
79.5;4.53
79.53333333333333;15.86
79.56666666666666;21.88
79.6;23.07
79.63333333333334;19.58
79.66666666666667;0.13
79.7;-12.53
79.73333333333333;-23.55
79.76666666666667;-32.63
79.8;-39.22
79.83333333333333;-40.33
79.86666666666666;-37.02
79.9;-29.56
79.93333333333334;-4.98
79.96666666666667;5.49
80;15.44
80.03333333333333;20.98
80.06666666666666;20.84
80.1;18.21
80.13333333333334;9.92
80.16666666666667;-1.36
80.2;-23.96
80.23333333333333;-33.14
80.26666666666667;-37.06
80.3;-39.36
80.33333333333333;-33.76
80.36666666666666;-26.2
80.4;-15.14
80.43333333333334;-2.87
80.46666666666667;16.4
80.5;20.23
80.53333333333333;21.12
80.56666666666666;15.64
80.6;6.42
80.63333333333334;-4.77
80.66666666666667;-16.4
80.7;-34.13
80.73333333333333;-38.52
80.76666666666667;-39.14
80.8;-33.64
80.83333333333333;-25.55
80.86666666666666;-13.99
80.9;-2.08
80.93333333333334;8.25
80.96666666666667;15.49
81;18.65
81.03333333333333;14.06
81.06666666666666;5.72
81.1;-4.09
81.13333333333334;-15.64
81.16666666666667;-26.2
81.2;-32.36
81.23333333333333;-37.33
81.26666666666667;-31.52
81.3;-23.21
81.33333333333333;-11.89
81.36666666666666;-0.57
81.4;9.28
81.43333333333334;16.66
81.46666666666667;20
81.5;17.69
81.53333333333333;13.48
81.56666666666666;4.75
81.6;-16.88
81.63333333333334;-27.81
81.66666666666667;-33.78
81.7;-37.81
81.73333333333333;-36.81
81.76666666666667;-32.5
81.8;-23.04
81.83333333333333;-11.59
81.86666666666666;-0.73
81.9;16.07
81.93333333333334;20.06
81.96666666666667;19.42
82;13.18
82.03333333333333;3.86
82.06666666666666;-6.36
82.1;-17.27
82.13333333333334;-26.67
82.16666666666667;-34.1
82.2;-37.29
82.23333333333333;-30.78
82.26666666666667;-21.53
82.3;-10.32
82.33333333333333;0.41
82.36666666666666;10.63
82.4;16.51
82.43333333333334;19.96
82.46666666666667;12.13
82.5;3.04
82.53333333333333;-8.64
82.56666666666666;-18.52
82.6;-28.35
82.63333333333334;-35.6
82.66666666666667;-38
82.7;-36.91
82.73333333333333;-30.78
82.76666666666667;-10.67
82.8;1.89
82.83333333333333;11.04
82.86666666666666;17.87
82.9;20.43
82.93333333333334;18.01
82.96666666666667;13.18
83;3.59
83.03333333333333;-20.06
83.06666666666666;-30.68
83.1;-37.09
83.13333333333334;-39.46
83.16666666666667;-35.75
83.2;-30.32
83.23333333333333;-19.48
83.26666666666667;-6.09
83.3;12.82
83.33333333333333;19.36
83.36666666666666;20.79
83.4;18.11
83.43333333333334;10.86
83.46666666666667;0.26
83.5;-11
83.53333333333333;-21.47
83.56666666666666;-37.14
83.6;-38.92
83.63333333333334;-36.02
83.66666666666667;-28.37
83.7;-17.37
83.73333333333333;-5.65
83.76666666666667;5.83
83.8;14.73
83.83333333333333;20.31
83.86666666666666;22.23
83.9;10.93
83.93333333333334;-1.06
83.96666666666667;-13.15
84;-25.21
84.03333333333333;-33.87
84.06666666666666;-40.46
84.1;-39.48
84.13333333333334;-35.44
84.16666666666667;-15.74
84.2;-2.05
84.23333333333333;9.36
84.26666666666667;16.74
84.3;22.68
84.33333333333333;22.03
84.36666666666666;16.38
84.4;8.26
84.43333333333334;-15.35
84.46666666666667;-27.59
84.5;-34.75
84.53333333333333;-39.3
84.56666666666666;-38.18
84.6;-33.89
84.63333333333334;-24.65
84.66666666666667;-11.96
84.7;11.27
84.73333333333333;19.14
84.76666666666667;22.42
84.8;21.44
84.83333333333333;14.81
84.86666666666666;5.75
84.9;-5.78
84.93333333333334;-18.78
84.96666666666667;-37.91
85;-41.37
85.03333333333333;-39.02
85.06666666666666;-32.28
85.1;-21.98
85.13333333333334;-9.85
85.16666666666667;2.2
85.2;12.65
85.23333333333333;22.81
85.26666666666667;20.8
85.3;14.22
85.33333333333333;2.86
85.36666666666666;-9.23
85.4;-21.8
85.43333333333334;-31.17
85.46666666666667;-37.26
85.5;-36.29
85.53333333333333;-28.81
85.56666666666666;-17.34
85.6;-6.37
85.63333333333334;6.16
85.66666666666667;15.46
85.7;20.39
85.73333333333333;18.6
85.76666666666667;10.54
85.8;-1.71
85.83333333333333;-12
85.86666666666666;-24.61
85.9;-33.66
85.93333333333334;-39.39
85.96666666666667;-37.34
86;-28.68
86.03333333333333;-17.84
86.06666666666666;-4.8
86.1;7.46
86.13333333333334;16.41
86.16666666666667;20.56
86.2;23.03
86.23333333333333;7.97
86.26666666666667;-2.45
86.3;-14.16
86.33333333333333;-25.59
86.36666666666666;-32.18
86.4;-37.5
86.43333333333334;-38.14
86.46666666666667;-24.73
86.5;-13.56
86.53333333333333;-1.03
86.56666666666666;9.28
86.6;16.67
86.63333333333334;20.54
86.66666666666667;20.14
86.7;14.25
86.73333333333333;-6.12
86.76666666666667;-17.6
86.8;-27.87
86.83333333333333;-35.68
86.86666666666666;-38.98
86.9;-38.87
86.93333333333334;-33.43
86.96666666666667;-13.14
87;-1.46
87.03333333333333;8.66
87.06666666666666;15.99
87.1;19.27
87.13333333333334;18.63
87.16666666666667;13.55
87.2;-6.01
87.23333333333333;-17.44
87.26666666666667;-27.46
87.3;-34.4
87.33333333333333;-37.95
87.36666666666666;-36.15
87.4;-30.46
87.43333333333334;-9.61
87.46666666666667;0.71
87.5;11.29
87.53333333333333;16.58
87.56666666666666;19.13
87.6;18.73
87.63333333333334;2.68
87.66666666666667;-8.46
87.7;-19.86
87.73333333333333;-28.99
87.76666666666667;-35.52
87.8;-37.65
87.83333333333333;-36.76
87.86666666666666;-31.18
87.9;-10.98
87.93333333333334;1.45
87.96666666666667;10.16
88;15.86
88.03333333333333;18.89
88.06666666666666;16.44
88.1;11.37
88.13333333333334;-7.98
88.16666666666667;-19.85
88.2;-27.62
88.23333333333333;-34.07
88.26666666666667;-36.16
88.3;-35.28
88.33333333333333;-28.22
88.36666666666666;-19.73
88.4;2.33
88.43333333333334;10.54
88.46666666666667;16.81
88.5;19.1
88.53333333333333;18.18
88.56666666666666;9.86
88.6;-10.39
88.63333333333334;-21.67
88.66666666666667;-30.56
88.7;-36.51
88.73333333333333;-37.37
88.76666666666667;-35.11
88.8;-28.53
88.83333333333333;-19.93
88.86666666666666;3.06
88.9;12.14
88.93333333333334;17.63
88.96666666666667;19.91
89;16.22
89.03333333333333;10.39
89.06666666666666;0.02
89.1;-20.58
89.13333333333334;-30.13
89.16666666666667;-35.54
89.2;-37.35
89.23333333333333;-34.37
89.26666666666667;-26.73
89.3;-6.22
89.33333333333333;5.06
89.36666666666666;13.26
89.4;18.32
89.43333333333334;19.58
89.46666666666667;16.44
89.5;7.74
89.53333333333333;-2.16
89.56666666666666;-24
89.6;-32.27
89.63333333333334;-37.2
89.66666666666667;-38.45
89.7;-34.72
89.73333333333333;-26.05
89.76666666666667;-16.29
89.8;7.46
89.83333333333333;15.77
89.86666666666666;20.82
89.9;19.91
89.93333333333334;15.73
89.96666666666667;8.58
90;-14.87
90.03333333333333;-25.43
90.06666666666666;-33.05
90.1;-36.87
90.13333333333334;-37.39
90.16666666666667;-33.34
90.2;-24.02
90.23333333333333;-1.22
90.26666666666667;9.33
90.3;17.49
90.33333333333333;20.57
90.36666666666666;19.03
90.4;13.93
90.43333333333334;4.35
90.46666666666667;-6.65
90.5;-28.69
90.53333333333333;-35.46
90.56666666666666;-38.81
90.6;-36.76
90.63333333333334;-31.68
90.66666666666667;-21.98
90.7;1.67
90.73333333333333;12.82
90.76666666666667;19.28
90.8;21.66
90.83333333333333;19.97
90.86666666666666;12.58
90.9;3.14
90.93333333333334;-20.8
90.96666666666667;-30.29
91;-36.23
91.03333333333333;-38.39
91.06666666666666;-37.19
91.1;-28.73
91.13333333333334;-19.23
91.16666666666667;-7
91.2;14.14
91.23333333333333;19.54
91.26666666666667;21.9
91.3;17.67
91.33333333333333;9.78
91.36666666666666;-0.41
91.4;-22.52
91.43333333333334;-31.19
91.46666666666667;-37.03
91.5;-38.17
91.53333333333333;-26.35
91.56666666666666;-16.04
91.6;-4.53
91.63333333333334;7.65
91.66666666666667;15.39
91.7;20.26
91.73333333333333;16.69
91.76666666666667;8.2
91.8;-2.98
91.83333333333333;-15.97
91.86666666666666;-26.92
91.9;-34.72
91.93333333333334;-38.36
91.96666666666667;-33.75
92;-25.08
92.03333333333333;-13.27
92.06666666666666;-0.44
92.1;9.65
92.13333333333334;22.01
92.16666666666667;19.8
92.2;14.44
92.23333333333333;6.04
92.26666666666667;-6.05
92.3;-17.1
92.33333333333333;-27.44
92.36666666666666;-36.72
92.4;-35.53
92.43333333333334;-30.56
92.46666666666667;-22.2
92.5;-10.81
92.53333333333333;0.42
92.56666666666666;17.42
92.6;20.16
92.63333333333334;18.01
92.66666666666667;12.62
92.7;2.87
92.73333333333333;-8.61
92.76666666666667;-19.75
92.8;-36.51
92.83333333333333;-38.74
92.86666666666666;-36.65
92.9;-30.67
92.93333333333334;-19.21
92.96666666666667;-9.47
93;11.07
93.03333333333333;17.42
93.06666666666666;19.8
93.1;17.45
93.13333333333334;10.77
93.16666666666667;0.98
93.2;-8.61
93.23333333333333;-29.28
93.26666666666667;-33.79
93.3;-35.27
93.33333333333333;-34.4
93.36666666666666;-27.17
93.4;-17.91
93.43333333333334;3.3
93.46666666666667;11.79
93.5;16.89
93.53333333333333;18.68
93.56666666666666;15.66
93.6;9.2
93.63333333333334;-0.38
93.66666666666667;-22.35
93.7;-31.08
93.73333333333333;-36.94
93.76666666666667;-38.65
93.8;-35.34
93.83333333333333;-27.9
93.86666666666666;-7.05
93.9;4.63
93.93333333333334;12.07
93.96666666666667;17.85
94;18.12
94.03333333333333;15.04
94.06666666666666;9.04
94.1;-11.74
94.13333333333334;-21.18
94.16666666666667;-29.69
94.2;-35.01
94.23333333333333;-35.8
94.26666666666667;-32.56
94.3;-15.62
94.33333333333333;-5.86
94.36666666666666;4.5
94.4;13.39
94.43333333333334;17.87
94.46666666666667;17.72
94.5;6.85
94.53333333333333;-3.53
94.56666666666666;-14.19
94.6;-23.59
94.63333333333334;-31.92
94.66666666666667;-36.88
94.7;-34.98
94.73333333333333;-27.31
94.76666666666667;-16.6
94.8;-4.97
94.83333333333333;5.76
94.86666666666666;13.78
94.9;18.8
94.93333333333334;14.73
94.96666666666667;7.23
95;-2.91
95.03333333333333;-13.4
95.06666666666666;-23.57
95.1;-31.51
95.13333333333334;-36.34
95.16666666666667;-31.93
95.2;-24.49
95.23333333333333;-13.6
95.26666666666667;-1.34
95.3;14.91
95.33333333333333;19.33
95.36666666666666;18.31
95.4;13.29
95.43333333333334;4.66
95.46666666666667;-5.35
95.5;-27.51
95.53333333333333;-33.87
95.56666666666666;-38.42
95.6;-36.95
95.63333333333334;-32.37
95.66666666666667;-23.75
95.7;-1.11
95.73333333333333;9.39
95.76666666666667;16.89
95.8;19.6
95.83333333333333;18.58
95.86666666666666;14.59
95.9;-7.07
95.93333333333334;-18.39
95.96666666666667;-27.01
96;-34.22
96.03333333333333;-37.13
96.06666666666666;-36.1
96.1;-20.58
96.13333333333334;-9.8
96.16666666666667;1.26
96.2;11.26
96.23333333333333;18.76
96.26666666666667;19.79
96.3;11.58
96.33333333333333;0.98
96.36666666666666;-9.83
96.4;-21.38
96.43333333333334;-30.7
96.46666666666667;-37.15
96.5;-35.19
96.53333333333333;-28.4
96.56666666666666;-18.4
96.6;-7.2
96.63333333333334;3.96
96.66666666666667;20.25
96.7;20.38
96.73333333333333;16.98
96.76666666666667;9.78
96.8;-0.22
96.83333333333333;-11.53
96.86666666666666;-31.85
96.9;-36.61
96.93333333333334;-38.15
96.96666666666667;-34.25
97;-26.07
97.03333333333333;-16.13
97.06666666666666;8.11
97.1;14.93
97.13333333333334;19.56
97.16666666666667;20.03
97.2;15.09
97.23333333333333;7.58
97.26666666666667;-15.06
97.3;-25.99
97.33333333333333;-33.06
97.36666666666666;-45.49
97.4;-36.84
97.43333333333334;-23.38
97.46666666666667;-12.32
97.5;0.15
97.53333333333333;9.29
97.56666666666666;17.9
97.6;19.91
97.63333333333334;14.24
97.66666666666667;4.63
97.7;-7.08
97.73333333333333;-17.87
97.76666666666667;-28.01
97.8;-37.58
97.83333333333333;-35.75
97.86666666666666;-31.63
97.9;-20.81
97.93333333333334;-10.18
97.96666666666667;1.86
98;17.92
98.03333333333333;19.35
98.06666666666666;17.22
98.1;10.14
98.13333333333334;1.47
98.16666666666667;-9.93
98.2;-28.93
98.23333333333333;-34.46
98.26666666666667;-36.2
98.3;-33.57
98.33333333333333;-27.37
98.36666666666666;-7.03
98.4;4.39
98.43333333333334;13.36
98.46666666666667;18.11
98.5;19.52
98.53333333333333;15.93
98.56666666666666;-0.53
98.6;-11.46
98.63333333333334;-22.54
98.66666666666667;-31.68
98.7;-37
98.73333333333333;-33.82
98.76666666666667;-26.61
98.8;-15.9
98.83333333333333;-4.83
98.86666666666666;5.82
98.9;14.1
98.93333333333334;17.58
98.96666666666667;13.76
99;6.4
99.03333333333333;-2.38
99.06666666666666;-13.65
99.1;-30.72
99.13333333333334;-35.07
99.16666666666667;-34.45
99.2;-30.99
99.23333333333333;-22.83
99.26666666666667;-14.13
99.3;5.77
99.33333333333333;14.31
99.36666666666666;17.99
99.4;17.4
99.43333333333334;13.38
99.46666666666667;-4.4
99.5;-15.11
99.53333333333333;-25.62
99.56666666666666;-32.96
99.6;-36.35
99.63333333333334;-32.29
99.66666666666667;-24.27
99.7;-12.6
99.73333333333333;-3.48
99.76666666666667;14.01
99.8;17.78
99.83333333333333;17.16
99.86666666666666;11.56
99.9;4.19
99.93333333333334;-15.55
99.96666666666667;-24.57
100;-30.82
100.03333333333333;-34.97
100.06666666666666;-33.94
100.1;-27.93
100.13333333333334;-12.15
100.16666666666667;-1.37
100.2;7.76
100.23333333333333;14.88
100.26666666666667;17.68
100.3;11.85
100.33333333333333;4.75
100.36666666666666;-7.12
100.4;-18.41
100.43333333333334;-27.9
100.46666666666667;-36.88
100.5;-35.82
100.53333333333333;-31.6
100.56666666666666;-21.91
100.6;-11
100.63333333333334;-0.07
100.66666666666667;15.79
100.7;19.14
100.73333333333333;16.51
100.76666666666667;10.91
100.8;2.74
100.83333333333333;-17.46
100.86666666666666;-26.4
100.9;-33.18
100.93333333333334;-34.35
100.96666666666667;-33.69
101;-19.82
101.03333333333333;-8.43
101.06666666666666;1.03
101.1;9.71
101.13333333333334;16.73
101.16666666666667;16.02
101.2;10.55
101.23333333333333;0.56
101.26666666666667;-10.06
101.3;-20.47
101.33333333333333;-30.28
101.36666666666666;-37.98
101.4;-34.8
101.43333333333334;-28.63
101.46666666666667;-19.44
101.5;-7.82
101.53333333333333;3.01
101.56666666666666;17.37
101.6;19.55
101.63333333333334;16.17
101.66666666666667;8.93
101.7;0.65
101.73333333333333;-21.72
101.76666666666667;-30.63
101.8;-34.54
101.83333333333333;-36.59
101.86666666666666;-34.03
101.9;-16.95
101.93333333333334;-3.69
101.96666666666667;5.79
102;14.73
102.03333333333333;19.29
102.06666666666666;20.38
102.1;7.04
102.13333333333334;-2.64
102.16666666666667;-14.33
102.2;-24.65
102.23333333333333;-32.37
102.26666666666667;-38.14
102.3;-33.4
102.33333333333333;-24.97
102.36666666666666;-13.88
102.4;-2.62
102.43333333333334;7.47
102.46666666666667;20.07
102.5;19.11
102.53333333333333;14.91
102.56666666666666;5.97
102.6;-15.78
102.63333333333334;-25.93
102.66666666666667;-33.68
102.7;-37.75
102.73333333333333;-36.61
102.76666666666667;-31.48
102.8;-11.26
102.83333333333333;0.72
102.86666666666666;11.26
102.9;17.71
102.93333333333334;19.79
102.96666666666667;11.61
103;2.16
103.03333333333333;-8.86
103.06666666666666;-19.4
103.1;-29.34
103.13333333333334;-37.38
103.16666666666667;-36.17
103.2;-28.44
103.23333333333333;-19.13
103.26666666666667;-7.51
103.3;13
103.33333333333333;18.84
103.36666666666666;20.37
103.4;17.62
103.43333333333334;0.46
103.46666666666667;-10.94
103.5;-22.34
103.53333333333333;-30.78
103.56666666666666;-36.2
103.6;-37.84
103.63333333333334;-26.25
103.66666666666667;-16.43
103.7;-4.47
103.73333333333333;6.39
103.76666666666667;14.49
103.8;19.71
103.83333333333333;15.17
103.86666666666666;7.22
103.9;-14.27
103.93333333333334;-24.67
103.96666666666667;-31.26
104;-37.08
104.03333333333333;-30.85
104.06666666666666;-22.35
104.1;-12.33
104.13333333333334;-1.1
104.16666666666667;8.36
104.2;19.52
104.23333333333333;17.8
104.26666666666667;13.23
104.3;4.57
104.33333333333333;-5.38
104.36666666666666;-25.69
104.4;-33.72
104.43333333333334;-36.64
104.46666666666667;-35.62
104.5;-22.77
104.53333333333333;-11.19
104.56666666666666;-0.76
104.6;9.17
104.63333333333334;17.88
104.66666666666667;15.78
104.7;10.91
104.73333333333333;2.05
104.76666666666667;-8.28
104.8;-26.76
104.83333333333333;-32.97
104.86666666666666;-34.89
104.9;-33.23
104.93333333333334;-26.82
104.96666666666667;-9.01
105;2.28
105.03333333333333;10.9
105.06666666666666;15.95
105.1;16.63
105.13333333333334;14.98
105.16666666666667;-0.12
105.2;-10.74
105.23333333333333;-19.86
105.26666666666667;-28.55
105.3;-34.54
105.33333333333333;-32.99
105.36666666666666;-26.84
105.4;-17.94
105.43333333333334;-8.23
105.46666666666667;2.59
105.5;15.97
105.53333333333333;17.3
105.56666666666666;13.56
105.6;7.65
105.63333333333334;-0.42
105.66666666666667;-20.57
105.7;-28.04
105.73333333333333;-32.18
105.76666666666667;-33.45
105.8;-24.98
105.83333333333333;-16.22
105.86666666666666;-5.36
105.9;3.62
105.93333333333334;11.26
105.96666666666667;16.33
106;13.57
106.03333333333333;7.12
106.06666666666666;-2.34
106.1;-13.02
106.13333333333334;-29.82
106.16666666666667;-35.82
106.2;-35.94
106.23333333333333;-32.73
106.26666666666667;-16.05
106.3;-5.79
106.33333333333333;3.51
106.36666666666666;12.39
106.4;15.65
106.43333333333334;13.08
106.46666666666667;5.98
106.5;-3.01
106.53333333333333;-13.39
106.56666666666666;-22.48
106.6;-32.45
106.63333333333334;-34.08
106.66666666666667;-30.43
106.7;-23.25
106.73333333333333;-14.2
106.76666666666667;6.05
106.8;12.67
106.83333333333333;17.7
106.86666666666666;18.66
106.9;5.19
106.93333333333334;-4.04
106.96666666666667;-15.32
107;-25.24
107.03333333333333;-32.35
107.06666666666666;-36.19
107.1;-31.16
107.13333333333334;-24.42
107.16666666666667;-13.35
107.2;-1.96
107.23333333333333;6.13
107.26666666666667;17.84
107.3;16.72
107.33333333333333;11.74
107.36666666666666;4.35
107.4;-15.53
107.43333333333334;-25.26
107.46666666666667;-31.64
107.5;-36.16
107.53333333333333;-33.63
107.56666666666666;-29.96
107.6;-10.24
107.63333333333334;0.21
107.66666666666667;10.75
107.7;17.45
107.73333333333333;17.15
107.76666666666667;11.25
107.8;2.22
107.83333333333333;-9.5
107.86666666666666;-18.82
107.9;-34.97
107.93333333333334;-38.25
107.96666666666667;-35.27
108;-30.16
108.03333333333333;-19.71
108.06666666666666;2.73
108.1;11.86
108.13333333333334;17.34
108.16666666666667;19.66
108.2;9.75
108.23333333333333;0.79
108.26666666666667;-10.83
108.3;-20.82
108.33333333333333;-29.59
108.36666666666666;-36.5
108.4;-33.93
108.43333333333334;-26.64
108.46666666666667;-17.21
108.5;6.69
108.53333333333333;14.21
108.56666666666666;18.41
108.6;19.23
108.63333333333334;15.27
108.66666666666667;-2.82
108.7;-14.17
108.73333333333333;-24.84
108.76666666666667;-33.03
108.8;-37.97
108.83333333333333;-32.8
108.86666666666666;-25.08
108.9;-14.13
108.93333333333334;-2.18
108.96666666666667;15.53
109;19.19
109.03333333333333;18.64
109.06666666666666;13.4
109.1;-4.9
109.13333333333334;-16.98
109.16666666666667;-27
109.2;-33.31
109.23333333333333;-35.44
109.26666666666667;-30.56
109.3;-22.22
109.33333333333333;-10.25
109.36666666666666;0.63
109.4;16.68
109.43333333333334;19.34
109.46666666666667;17.34
109.5;11.52
109.53333333333333;-8.92
109.56666666666666;-18.32
109.6;-28.38
109.63333333333334;-35.04
109.66666666666667;-34.45
109.7;-27.64
109.73333333333333;-18.3
109.76666666666667;-7.29
109.8;3.13
109.83333333333333;17.39
109.86666666666666;19.28
109.9;15.9
109.93333333333334;9.31
109.96666666666667;-10.5
110;-22.45
110.03333333333333;-30.58
110.06666666666666;-36.09
110.1;-35.62
110.13333333333334;-26.5
110.16666666666667;-15.71
110.2;-5.05
110.23333333333333;5.62
110.26666666666667;17.88
110.3;17.38
110.33333333333333;13.43
110.36666666666666;6.42
110.4;-14.04
110.43333333333334;-23.39
110.46666666666667;-31.42
110.5;-34.88
110.53333333333333;-34.75
110.56666666666666;-29.99
110.6;-13.06
110.63333333333334;-2.48
110.66666666666667;6.72
110.7;13.69
110.73333333333333;15.99
110.76666666666667;11.62
110.8;4.61
110.83333333333333;-4.97
110.86666666666666;-25.46
110.9;-31.37
110.93333333333334;-35.77
110.96666666666667;-33.97
111;-29.94
111.03333333333333;-12.41
111.06666666666666;-1.81
111.1;7.11
111.13333333333334;13.5
111.16666666666667;15.07
111.2;9.86
111.23333333333333;2.34
111.26666666666667;-6.9
111.3;-16.12
111.33333333333333;-30.4
111.36666666666666;-33.2
111.4;-31.75
111.43333333333334;-27.53
111.46666666666667;-10.7
111.5;-0.02
111.53333333333333;8.08
111.56666666666666;12.97
111.6;15.87
111.63333333333334;8.87
111.66666666666667;1.37
111.7;-8.54
111.73333333333333;-18.51
111.76666666666667;-32.78
111.8;-34.13
111.83333333333333;-33.75
111.86666666666666;-28.36
111.9;-10.48
111.93333333333334;-0.1
111.96666666666667;7.55
112;12.84
112.03333333333333;15.55
112.06666666666666;7.98
112.1;0.52
112.13333333333334;-8.7
112.16666666666667;-26.37
112.2;-31.45
112.23333333333333;-33.41
112.26666666666667;-31.63
112.3;-25.86
112.33333333333333;-8.25
112.36666666666666;1.71
112.4;10.22
112.43333333333334;14.55
112.46666666666667;13.09
112.5;7.2
112.53333333333333;-1.29
112.56666666666666;-11.02
112.6;-20.28
112.63333333333334;-34.2
112.66666666666667;-35.99
112.7;-32.49
112.73333333333333;-26.7
112.76666666666667;-7.18
112.8;3.14
112.83333333333333;10.53
112.86666666666666;15.61
112.9;13.36
112.93333333333334;6.64
112.96666666666667;-1.66
113;-11.84
113.03333333333333;-28.3
113.06666666666666;-33.41
113.1;-34.4
113.13333333333334;-31.36
113.16666666666667;-24.99
113.2;-4.99
113.23333333333333;5.35
113.26666666666667;12.79
113.3;17.79
113.33333333333333;13.55
113.36666666666666;5.09
113.4;-3.81
113.43333333333334;-13.81
113.46666666666667;-31.65
113.5;-36.01
113.53333333333333;-35.43
113.56666666666666;-32.17
113.6;-13.77
113.63333333333334;-2.77
113.66666666666667;7.12
113.7;14.19
113.73333333333333;17.52
113.76666666666667;11.76
113.8;4.84
113.83333333333333;-6.12
113.86666666666666;-26.12
113.9;-32.68
113.93333333333334;-36.12
113.96666666666667;-34.29
114;-28.77
114.03333333333333;-10.09
114.06666666666666;0.59
114.1;9.65
114.13333333333334;17.16
114.16666666666667;17.07
114.2;11.22
114.23333333333333;1.81
114.26666666666667;-9.78
114.3;-29.56
114.33333333333333;-35.3
114.36666666666666;-36.6
114.4;-34.26
114.43333333333334;-18.37
114.46666666666667;-6.48
114.5;3.37
114.53333333333333;12.28
114.56666666666666;19.03
114.6;15.28
114.63333333333334;8.16
114.66666666666667;-1.19
114.7;-21.89
114.73333333333333;-30.74
114.76666666666667;-35.92
114.8;-35.94
114.83333333333333;-24.07
114.86666666666666;-14.74
114.9;-3.26
114.93333333333334;6.27
114.96666666666667;18.35
115;19.56
115.03333333333333;13.55
115.06666666666666;6.2
115.1;-15.39
115.13333333333334;-25.18
115.16666666666667;-33.22
115.2;-36.6
115.23333333333333;-30.96
115.26666666666667;-21.44
115.3;-11.51
115.33333333333333;-0.78
115.36666666666666;15.25
115.4;18.91
115.43333333333334;16.85
115.46666666666667;10.48
115.5;3.31
115.53333333333333;-18.12
115.56666666666666;-27.49
115.6;-33.38
115.63333333333334;-33.46
115.66666666666667;-28.38
115.7;-19.51
115.73333333333333;-8.51
115.76666666666667;1.78
115.8;16.19
115.83333333333333;17.77
115.86666666666666;15.31
115.9;9.39
115.93333333333334;-10.42
115.96666666666667;-19.91
116;-28.37
116.03333333333333;-33.52
116.06666666666666;-32.62
116.1;-25.78
116.13333333333334;-16.68
116.16666666666667;-6.13
116.2;11.62
116.23333333333333;16.83
116.26666666666667;16.82
116.3;13.66
116.33333333333333;6.76
116.36666666666666;-12.74
116.4;-21.83
116.43333333333334;-30.7
116.46666666666667;-34.43
116.5;-31.89
116.53333333333333;-24.7
116.56666666666666;-14.47
116.6;4.2
116.63333333333334;11.71
116.66666666666667;15.81
116.7;15.7
116.73333333333333;4.49
116.76666666666667;-4.6
116.8;-11.23
116.83333333333333;-22.65
116.86666666666666;-30.68
116.9;-33.07
116.93333333333334;-28.44
116.96666666666667;-22.01
117;-3.9
117.03333333333333;5.24
117.06666666666666;11.93
117.1;15.71
117.13333333333334;10.36
117.16666666666667;3.27
117.2;-5.52
117.23333333333333;-14.82
117.26666666666667;-30.19
117.3;-33.97
117.33333333333333;-33.84
117.36666666666666;-29.03
117.4;-13.72
117.43333333333334;-2.82
117.46666666666667;5.5
117.5;12.08
117.53333333333333;13.93
117.56666666666666;9.66
117.6;2.42
117.63333333333334;-6.57
117.66666666666667;-21.53
117.7;-29.75
117.73333333333333;-32.16
117.76666666666667;-31.38
117.8;-19.45
117.83333333333333;-10.84
117.86666666666666;-1.81
117.9;6.84
117.93333333333334;15.6
117.96666666666667;15.26
118;9.04
118.03333333333333;1.7
118.06666666666666;-18.07
118.1;-25.54
118.13333333333334;-32.57
118.16666666666667;-34.09
118.2;-28.58
118.23333333333333;-19.89
118.26666666666667;-10.45
118.3;-0.4
118.33333333333333;14.02
118.36666666666666;16.43
118.4;13.78
118.43333333333334;9.26
118.46666666666667;-8.7
118.5;-17.62
118.53333333333333;-25.99
118.56666666666666;-31.59
118.6;-31.15
118.63333333333334;-26.66
118.66666666666667;-17.94
118.7;-8.63
118.73333333333333;9.54
118.76666666666667;14.69
118.8;16.35
118.83333333333333;14.15
118.86666666666666;-0.8
118.9;-10.87
118.93333333333334;-20.9
118.96666666666667;-29
119;-36.04
119.03333333333333;-32.16
119.06666666666666;-25.61
119.1;-17.21
119.13333333333334;3.62
119.16666666666667;10.95
119.2;17.68
119.23333333333333;16.99
119.26666666666667;6.09
119.3;-2.86
119.33333333333333;-12.58
119.36666666666666;-29.46
119.4;-34.41
119.43333333333334;-34.31
119.46666666666667;-30.67
119.5;-12.82
119.53333333333333;-3.01
119.56666666666666;6.14
119.6;14.18
119.63333333333334;16.49
119.66666666666667;12.65
119.7;4.64
119.73333333333333;-5.91
119.76666666666667;-26.11
119.8;-32.96
119.83333333333333;-35.3
119.86666666666666;-34.55
119.9;-20.88
119.93333333333334;-11.17
119.96666666666667;-0.46
120;10.08
120.03333333333333;17.54
120.06666666666666;16.36
120.1;10.02
120.13333333333334;1.19
120.16666666666667;-18.61
120.2;-27.77
120.23333333333333;-33.1
120.26666666666667;-33.65
120.3;-27.98
120.33333333333333;-17.71
120.36666666666666;-7.02
120.4;11.55
120.43333333333334;16.5
120.46666666666667;18.56
120.5;7.84
120.53333333333333;-0.93
120.56666666666666;-22.51
120.6;-30.12
120.63333333333334;-35.06
120.66666666666667;-35.36
120.7;-24.83
120.73333333333333;-14.92
120.76666666666667;-3.97
120.8;13.22
120.83333333333333;18.01
120.86666666666666;17.14
120.9;13.07
120.93333333333334;-3.51
120.96666666666667;-15.04
121;-24.1
121.03333333333333;-32.22
121.06666666666666;-34.28
121.1;-30.04
121.13333333333334;-22.53
121.16666666666667;-12.08
121.2;7.76
121.23333333333333;16.4
121.26666666666667;17.49
121.3;15.74
121.33333333333333;2.5
121.36666666666666;-8
121.4;-18.04
121.43333333333334;-26.22
121.46666666666667;-34.1
121.5;-32.93
121.53333333333333;-27.27
121.56666666666666;-9.41
121.6;0.63
121.63333333333334;9
121.66666666666667;14.11
121.7;14.09
121.73333333333333;8.7
121.76666666666667;-0.33
121.8;-9.42
121.83333333333333;-28.37
121.86666666666666;-32.33
121.9;-35.2
121.93333333333334;-33.05
121.96666666666667;-17.34
122;-8.02
122.03333333333333;2.28
122.06666666666666;9.5
122.1;16.51
122.13333333333334;12.8
122.16666666666667;7
122.2;-0.8
122.23333333333333;-20.78
122.26666666666667;-28.03
122.3;-32.09
122.33333333333333;-33.17
122.36666666666666;-23.39
122.4;-16.23
122.43333333333334;-6.06
122.46666666666667;10.34
122.5;14.09
122.53333333333333;14.26
122.56666666666666;10.95
122.6;-3.41
122.63333333333334;-13
122.66666666666667;-21.94
122.7;-28
122.73333333333333;-33.47
122.76666666666667;-29.66
122.8;-23.19
122.83333333333333;-5.3
122.86666666666666;3.62
122.9;10.98
122.93333333333334;14.22
122.96666666666667;11.25
123;4.15
123.03333333333333;-4.73
123.06666666666666;-21.73
123.1;-28.22
123.13333333333334;-31.75
123.16666666666667;-31.75
123.2;-21.11
123.23333333333333;-12.39
123.26666666666667;-3.95
123.3;4.94
123.33333333333333;14.22
123.36666666666666;14.39
123.4;10.61
123.43333333333334;3.48
123.46666666666667;-14.48
123.5;-23.76
123.53333333333333;-30.61
123.56666666666666;-33.54
123.6;-30.02
123.63333333333334;-22.17
123.66666666666667;-12.1
123.7;5.57
123.73333333333333;12.07
123.76666666666667;14.04
123.8;14.77
123.83333333333333;2.14
123.86666666666666;-5.18
123.9;-15.66
123.93333333333334;-28.69
123.96666666666667;-32.17
124;-31.12
124.03333333333333;-26.91
124.06666666666666;-9.99
124.1;-0.46
124.13333333333334;7.33
124.16666666666667;16.03
124.2;15.13
124.23333333333333;9.04
124.26666666666667;1.98
124.3;-18.43
124.33333333333333;-26.9
124.36666666666666;-32.31
124.4;-32.57
124.43333333333334;-28.05
124.46666666666667;-19.44
124.5;-8.58
124.53333333333333;9.74
124.56666666666666;14.25
124.6;16.67
124.63333333333334;13.37
124.66666666666667;-0.69
124.7;-10.15
124.73333333333333;-17.18
124.76666666666667;-32
124.8;-34.06
124.83333333333333;-31.08
124.86666666666666;-25.29
124.9;-6.4
124.93333333333334;3.75
124.96666666666667;12.72
125;16.64
125.03333333333333;12.74
125.06666666666666;6.76
125.1;-2.91
125.13333333333334;-22.56
125.16666666666667;-30.95
125.2;-33.4
125.23333333333333;-34.27
125.26666666666667;-23.26
125.3;-14.22
125.33333333333333;-3.73
125.36666666666666;5.59
125.4;16.02
125.43333333333334;16.89
125.46666666666667;11.58
125.5;-4.62
125.53333333333333;-15.22
125.56666666666666;-24.38
125.6;-31.03
125.63333333333334;-34.18
125.66666666666667;-28.18
125.7;-19.75
125.73333333333333;0.33
125.76666666666667;9.44
125.8;14.91
125.83333333333333;17.46
125.86666666666666;10.17
125.9;1.13
125.93333333333334;-8.08
125.96666666666667;-27.49
126;-33.35
126.03333333333333;-35.15
126.06666666666666;-32.57
126.1;-18.32
126.13333333333334;-7.46
126.16666666666667;2.12
126.2;15.6
126.23333333333333;17.04
126.26666666666667;13.63
126.3;7.64
126.33333333333333;-11.42
126.36666666666666;-20.52
126.4;-29.26
126.43333333333334;-33.47
126.46666666666667;-30.5
126.5;-24.22
126.53333333333333;-14.43
126.56666666666666;5.7
126.6;12.74
126.63333333333334;15.44
126.66666666666667;11.96
126.7;4.09
126.73333333333333;-4.75
126.76666666666667;-14.04
126.8;-30.4
126.83333333333333;-33.78
126.86666666666666;-33.42
126.9;-21.93
126.93333333333334;-11.52
126.96666666666667;-2.14
127;6.61
127.03333333333333;15.69
127.06666666666666;14.09
127.1;10.2
127.13333333333334;-7.48
127.16666666666667;-17.58
127.2;-25.1
127.23333333333333;-30.51
127.26666666666667;-33.2
127.3;-27.9
127.33333333333333;-18.83
127.36666666666666;-10.04
127.4;7.92
127.43333333333334;13.21
127.46666666666667;14.48
127.5;7.69
127.53333333333333;-0.86
127.56666666666666;-8.95
127.6;-19
127.63333333333334;-30.83
127.66666666666667;-33.12
127.7;-31.3
127.73333333333333;-17.97
127.76666666666667;-8.07
127.8;1.17
127.83333333333333;8.94
127.86666666666666;14.09
127.9;11.99
127.93333333333334;6.93
127.96666666666667;-10.84
128;-19.93
128.03333333333333;-27.19
128.06666666666666;-31.9
128.1;-30.04
128.13333333333333;-24.26
128.16666666666666;-16.25
128.2;2.09
128.23333333333332;9.33
128.26666666666668;13.2
128.3;14.66
128.33333333333334;5.49
128.36666666666667;-3.15
128.4;-12.39
128.43333333333334;-26.89
128.46666666666667;-30.65
128.5;-31.47
128.53333333333333;-28.44
128.56666666666666;-13.89
128.6;-5.84
128.63333333333333;2.86
128.66666666666666;13.9
128.7;14.73
128.73333333333332;11.52
128.76666666666668;4.77
128.8;-12.6
128.83333333333334;-22.25
128.86666666666667;-27.66
128.9;-33.31
128.93333333333334;-29.88
128.96666666666667;-22.59
129;-13.88
129.03333333333333;4.89
129.06666666666666;10.27
129.1;13.62
129.13333333333333;9.89
129.16666666666666;2.73
129.2;-5.07
129.23333333333332;-13.96
129.26666666666668;-28.48
129.3;-31.26
129.33333333333334;-31.6
129.36666666666667;-20.5
129.4;-12.21
129.43333333333334;-2.25
129.46666666666667;11.23
129.5;14.55
129.53333333333333;14.25
129.56666666666666;9.82
129.6;-7.16
129.63333333333333;-16.29
129.66666666666666;-25.46
129.7;-34.24
129.73333333333332;-32.46
129.76666666666668;-28.13
129.8;-21.02
129.83333333333334;-1.28
129.86666666666667;7.09
129.9;12.62
129.93333333333334;15.03
129.96666666666667;9.24
130;0.97
130.03333333333333;-8.37
130.06666666666666;-25.82
130.1;-31.39
130.13333333333333;-32.83
130.16666666666666;-25.78
130.2;-17.78
130.23333333333332;-7.47
130.26666666666668;1.67
130.3;15.49
130.33333333333334;16.21
130.36666666666667;13.78
130.4;-0.78
130.43333333333334;-9.81
130.46666666666667;-20.54
130.5;-29.19
130.53333333333333;-34.26
130.56666666666666;-31.65
130.6;-25.13
130.63333333333333;-5.26
130.66666666666666;3.5
130.7;10.92
130.73333333333332;16.47
130.76666666666668;12.76
130.8;5.69
130.83333333333334;-3.6
130.86666666666667;-21.5
130.9;-29.49
130.93333333333334;-33.1
130.96666666666667;-29.59
131;-20.57
131.03333333333333;-12.48
131.06666666666666;6.58
131.1;13.07
131.13333333333333;18.39
131.16666666666666;16.23
131.2;4.84
131.23333333333332;-6.22
131.26666666666668;-16.98
131.3;-32.46
131.33333333333334;-34.69
131.36666666666667;-33.67
131.4;-28.27
131.43333333333334;-10.71
131.46666666666667;0.35
131.5;8.55
131.53333333333333;17.04
131.56666666666666;13.85
131.6;8.21
131.63333333333333;-9.62
131.66666666666666;-18.84
131.7;-26.99
131.73333333333332;-33.86
131.76666666666668;-31.41
131.8;-25.05
131.83333333333334;-6.69
131.86666666666667;2.89
131.9;10.75
131.93333333333334;16.34
131.96666666666667;13.37
132;6.39
132.03333333333333;-2.78
132.06666666666666;-21.45
132.1;-29.41
132.13333333333333;-33.32
132.16666666666666;-29.78
132.2;-23.77
132.23333333333332;-14.61
132.26666666666668;4.56
132.3;10.84
132.33333333333334;15.02
132.36666666666667;10.94
132.4;3.48
132.43333333333334;-5.47
132.46666666666667;-14.58
132.5;-29.91
132.53333333333333;-33.28
132.56666666666666;-32.51
132.6;-20.81
132.63333333333333;-11.44
132.66666666666666;-2.72
132.7;12.63
132.73333333333332;15.74
132.76666666666668;13.97
132.8;0.94
132.83333333333334;-8.04
132.86666666666667;-16.38
132.9;-24.77
132.93333333333334;-32.87
132.96666666666667;-31
133;-25.94
133.03333333333333;-9.97
133.06666666666666;-0.33
133.1;7.07
133.13333333333333;13.94
133.16666666666666;12.2
133.2;7.02
133.23333333333332;-0.01
133.26666666666668;-18
133.3;-24.05
133.33333333333334;-30.41
133.36666666666667;-30
133.4;-24.6
133.43333333333334;-17.04
133.46666666666667;1.44
133.5;8.28
133.53333333333333;12.78
133.56666666666666;11.26
133.6;5.95
133.63333333333333;-1.35
133.66666666666666;-18.14
133.7;-25.1
133.73333333333332;-28.86
133.76666666666668;-31.32
133.8;-24.12
133.83333333333334;-16.04
133.86666666666667;-6.49
133.9;9.27
133.93333333333334;12.46
133.96666666666667;13.44
134;5.23
134.03333333333333;-2.46
134.06666666666666;-11.1
134.1;-26.99
134.13333333333333;-31.63
134.16666666666666;-31.96
134.2;-22.12
134.23333333333332;-15.6
134.26666666666668;-6.63
134.3;9.21
134.33333333333334;12.43
134.36666666666667;13.75
134.4;4.88
134.43333333333334;-3.58
134.46666666666667;-12.41
134.5;-27.82
134.53333333333333;-31.04
134.56666666666666;-31.57
134.6;-27.22
134.63333333333333;-14.26
134.66666666666666;-4.17
134.7;3.7
134.73333333333332;14.06
134.76666666666668;13.3
134.8;10.36
134.83333333333334;-5.06
134.86666666666667;-14.72
134.9;-23.08
134.93333333333334;-32.19
134.96666666666667;-32.59
135;-28.57
135.03333333333333;-12.55
135.06666666666666;-2.95
135.1;5.33
135.13333333333333;13.98
135.16666666666666;13.34
135.2;9.56
135.23333333333332;-6.88
135.26666666666668;-15.91
135.3;-23.82
135.33333333333334;-32.38
135.36666666666667;-31.02
135.4;-26.26
135.43333333333334;-8.91
135.46666666666667;-0.3
135.5;8.42
135.53333333333333;15.92
135.56666666666666;14.19
135.6;8.42
135.63333333333333;-9.22
135.66666666666666;-19.43
135.7;-27.24
135.73333333333332;-32.51
135.76666666666668;-31.23
135.8;-26.64
135.83333333333334;-17.48
135.86666666666667;2.23
135.9;11.99
135.93333333333334;14.03
135.96666666666667;12.01
136;5.88
136.03333333333333;-2.26
136.06666666666666;-20.05
136.1;-28.09
136.13333333333333;-31.04
136.16666666666666;-29.71
136.2;-22.97
136.23333333333332;-13.6
136.26666666666668;5.7
136.3;11.47
136.33333333333334;14.92
136.36666666666667;4.28
136.4;-5.24
136.43333333333334;-14.88
136.46666666666667;-31.1
136.5;-33.41
136.53333333333333;-32.74
136.56666666666666;-21.48
136.6;-12.34
136.63333333333333;-1.91
136.66666666666666;12.68
136.7;16.72
136.73333333333332;13.92
136.76666666666668;0.87
136.8;-7.83
136.83333333333334;-16.75
136.86666666666667;-30.9
136.9;-32.53
136.93333333333334;-31.65
136.96666666666667;-18.91
137;-8.06
137.03333333333333;0.73
137.06666666666666;14.51
137.1;15.78
137.13333333333333;12.35
137.16666666666666;-2.01
137.2;-10.65
137.23333333333332;-20.01
137.26666666666668;-31.84
137.3;-32.09
137.33333333333334;-30.1
137.36666666666667;-14.99
137.4;-6.2
137.43333333333334;2.9
137.46666666666667;14.12
137.5;14.88
137.53333333333333;13.45
137.56666666666666;-3.52
137.6;-12.68
137.63333333333333;-21.58
137.66666666666666;-31.93
137.7;-32.09
137.73333333333332;-28.68
137.76666666666668;-13.65
137.8;-4.38
137.83333333333334;5.49
137.86666666666667;11.1
137.9;13.69
137.93333333333334;9.82
137.96666666666667;-6.01
138;-15.17
138.03333333333333;-23.1
138.06666666666666;-31.7
138.1;-31.45
138.13333333333333;-26.22
138.16666666666666;-11.22
138.2;-3.33
138.23333333333332;5.19
138.26666666666668;13.88
138.3;12.7
138.33333333333334;8.99
138.36666666666667;-7.55
138.4;-15.98
138.43333333333334;-23.3
138.46666666666667;-31.8
138.5;-30.37
138.53333333333333;-25.74
138.56666666666666;-10.76
138.6;-0.1
138.63333333333333;5.79
138.66666666666666;12.63
138.7;11.31
138.73333333333332;6.27
138.76666666666668;-9.08
138.8;-16.49
138.83333333333334;-24.6
138.86666666666667;-31
138.9;-28.46
138.93333333333334;-25.37
138.96666666666667;-8.94
139;-0.43
139.03333333333333;6.7
139.06666666666666;11.23
139.1;12.03
139.13333333333333;5.89
139.16666666666666;-9.61
139.2;-18.15
139.23333333333332;-25.26
139.26666666666668;-31.29
139.3;-29.12
139.33333333333334;-24.28
139.36666666666667;-8.37
139.4;1.98
139.43333333333334;8.73
139.46666666666667;12.54
139.5;10.48
139.53333333333333;4.29
139.56666666666666;-10.98
139.6;-19.54
139.63333333333333;-25.16
139.66666666666666;-30.38
139.7;-28.6
139.73333333333332;-22.31
139.76666666666668;-6.45
139.8;3.03
139.83333333333334;8.92
139.86666666666667;13.04
139.9;10.9
139.93333333333334;4.19
139.96666666666667;-12.8
140;-21.25
140.03333333333333;-28.01
140.06666666666666;-31.97
140.1;-28.21
140.13333333333333;-21.84
140.16666666666666;-4.75
140.2;3.76
140.23333333333332;11.55
140.26666666666668;13.63
140.3;10.22
140.33333333333334;2.46
140.36666666666667;-14.99
140.4;-22.46
140.43333333333334;-28.44
140.46666666666667;-30.87
140.5;-26.54
140.53333333333333;-10.48
140.56666666666666;-1.85
140.6;7.28
140.63333333333333;12.52
140.66666666666666;12.87
140.7;9.01
140.73333333333332;-7.46
140.76666666666668;-18.06
140.8;-25.56
140.83333333333334;-33.67
140.86666666666667;-31.22
140.9;-26.2
140.93333333333334;-9.2
140.96666666666667;0.1
141;8.48
141.03333333333333;14.16
141.06666666666666;11.92
141.1;6.16
141.13333333333333;-10.8
141.16666666666666;-19.31
141.2;-26.07
141.23333333333332;-32.68
141.26666666666668;-29.37
141.3;-23.17
141.33333333333334;-5.05
141.36666666666667;3.95
141.4;11.22
141.43333333333334;14.51
141.46666666666667;10.66
141.5;4.23
141.53333333333333;-13.68
141.56666666666666;-23.17
141.6;-28.76
141.63333333333333;-32.49
141.66666666666666;-28.9
141.7;-11.6
141.73333333333332;-3.56
141.76666666666668;5.9
141.8;14.2
141.83333333333334;14.22
141.86666666666667;9.46
141.9;-6.05
141.93333333333334;-16.5
141.96666666666667;-23.81
142;-31.53
142.03333333333333;-30.27
142.06666666666666;-25.85
142.1;-9.26
142.13333333333333;-0.49
142.16666666666666;7.61
142.2;14.41
142.23333333333332;12.47
142.26666666666668;8.25
142.3;-9.35
142.33333333333334;-19.05
142.36666666666667;-26.02
142.4;-32.39
142.43333333333334;-29.97
142.46666666666667;-16.55
142.5;-7.79
142.53333333333333;1.53
142.56666666666666;12.57
142.6;14.05
142.63333333333333;11.96
142.66666666666666;-2.24
142.7;-10.95
142.73333333333332;-19.91
142.76666666666668;-30.09
142.8;-31.7
142.83333333333334;-27.67
142.86666666666667;-14.76
142.9;-5.29
142.93333333333334;3.09
142.96666666666667;13.84
143;13.63
143.03333333333333;9.13
143.06666666666666;-4.45
143.1;-12.97
143.13333333333333;-27.9
143.16666666666666;-30.93
143.2;-29.95
143.23333333333332;-27.22
143.26666666666668;-12.67
143.3;-4.13
